canonical_Smiles,active
Cc1cc(/N=C/c2ccc(Br)cc2)c(C(C)C)cc1O,1
CCOC(=O)[C@H]1OC(=O)c2cc(O)c(O)c(O)c2[C@@H]1[C@@H](CC(=O)O)C(=O)OCC,1
O=C1c2c(O)cc(O)cc2O[C@H](c2cc(O)ccc2O)[C@H]1O,1
Cc1c(O)cc(O)cc1[C@H](C)[C@@H](C)O,1
COc1ccc(CC(=O)c2c(O)cc(O)cc2O)cc1,1
COc1cc(/C=N/c2ccc(O)cc2)cc(OC)c1,0
N#Cc1ncn(-c2ccc(O)cc2)c1/N=C/c1cc(O)c(O)c(O)c1,1
N[C@@H](Cc1ccc(OC(=O)c2ccc(O)cc2)cc1)C(=O)O,1
CCCCCCC[C@H](O)CC(=O)CCc1ccc(O)c(OC)c1,1
CCOC1Cc2c(C(C)=O)c(O)c3ccccc3c2O1,1
CN(CCCCCCCOc1cc(O)c2c(=O)c3ccccc3oc2c1)Cc1ccc(O)cc1,0
CC(C)=CCC/C(C)=C/Cc1c([C@@H]2CC(=O)c3c(O)cc(O)cc3O2)ccc(O)c1O,1
COc1ccc(-c2cc(=O)c3c(O)c(OC)c(O)cc3o2)cc1,0
C[C@@H]1O[C@@H](Oc2c(-c3ccc(O)c(O)c3)oc3cc(O)cc(O)c3c2=O)[C@H](O)[C@H](O)[C@H]1O,1
COc1cc(/C=C/C(=O)OC[C@H]2O[C@H](O[C@]3(CO)O[C@H](CO)[C@@H](OC(=O)/C=C/c4cc(OC)c(O)c(OC)c4)[C@@H]3OC(=O)/C=C/c3cc(OC)c(O)c(OC)c3)[C@H](O)[C@@H](O)[C@@H]2O)cc(OC)c1O,1
COc1cc(/C=C/C(=O)O)cc(OC)c1O,1
O=C(/C=C/c1ccc(C(=O)Nc2nnc(-c3ccc(O)c(O)c3)s2)cc1)c1ccc([N+](=O)[O-])cc1,1
COc1cc([C@@H](O)[C@@H](CO)Oc2ccc([C@@H](O)[C@H](O)CO)cc2OC)ccc1O,1
O=c1ccc2ccc(O)c(O)c2o1,0
COc1cc(/C=N/NC(=O)c2ccncc2)cc(O)c1O,1
CCCCCC1(CCCCC)OC(=O)[C@]2(C[C@@H](O)[C@H](O)[C@H](OC(=O)/C=C/c3ccc(O)c(O)c3)C2)O1,1
Cc1cc(O)c(C(C)C)cc1/N=C/c1cc(Br)c(O)c(Br)c1,1
O=C(CCc1ccc(O)cc1)c1c(O)cc(O)cc1O[C@@H]1O[C@H](CO)[C@@H](O)[C@H](O)[C@H]1O,0
O=C(NCCCCCC[P+](c1ccccc1)(c1ccccc1)c1ccccc1)c1ccc(O)c(O)c1.[Br-],1
O=C(/C=C/c1cc(O)ccc1O)CC(=O)c1ccc(O)c(O)c1,1
Oc1cc(O)cc(Oc2c(O)cc(O)c3c2Oc2c(O)cc(Oc4c(O)cc(Oc5c(O)cc(O)c6c5Oc5c(O)cc(O)cc5O6)cc4O)cc2O3)c1,1
COc1cccc(C(=O)/C=C/c2ccc(C(=O)Nc3nnc(-c4ccc(O)c(O)c4)s3)cc2)c1,1
COc1cc([C@@H](O)[C@H](CO)Oc2c(OC)cc([C@@H](O)[C@H](O)CO)cc2OC)ccc1O,0
O=C(/C=C/c1ccc(C(=O)Nc2nnc(-c3ccc(O)c(O)c3)s2)cc1)c1ccccc1,1
Oc1ccc(Cc2cccc(Cl)c2)cc1O,0
O=c1ccc2ccc(O)cc2o1,0
O=C1C[C@H](C(=O)O)c2c1oc(=O)c1cc(O)c(O)c(O)c21,1
COc1ccc(-c2cc(=O)c3c(O)cc(O[C@@H]4O[C@H](CO)[C@@H](O)[C@H](O)[C@H]4O)cc3o2)cc1,1
COc1cc(Cn2c(=O)c(C(=O)NCC3CCN(Cc4ccccc4)CC3)c(O)c3ccccc32)cc(OC)c1O,1
Cc1ccc(/C=N/c2cc(C)c(O)cc2C(C)C)cc1,1
COc1cc(CN(CCCCCCO)Cc2ccc(O)c(OC)c2)ccc1O,1
COc1ccc(CCc2c(O[C@@H]3O[C@H](CO)[C@@H](O)[C@H](O)[C@H]3O)ccc(O)c2C(C)=O)cc1OC,0
CS(=O)(=O)[O-].O=C(/C=C/c1ccc(O)c(O)c1)NCCCCCCCC[P+](c1ccccc1)(c1ccccc1)c1ccccc1,1
O=c1c2ccccc2[nH]c2c(O)ccc(O)c12,1
CCCCCCCCCCCCCCCCCCC(=O)OC[C@H]1O[C@@H](Oc2cc(O)cc(O)c2C(=O)CCc2ccc(O)cc2)[C@H](O)[C@@H](O)[C@@H]1O,0
CC[C@@H](C)[C@]12OC(=O)[C@]3(O)C[C@H](O1)c1c(cc(O)c(C)c1O)[C@]23C,1
COC(=O)[C@H](Cc1ccc(O)cc1)NC(=O)Cc1ccc(O)c(O)c1,1
COc1ccccc1C(=O)/C=C/c1ccc(C(=O)Nc2nnc(-c3ccc(O)c(O)c3)s2)cc1,1
O=C(Cc1ccccc1)Oc1c(OC(=O)Cc2ccccc2)c(-c2ccc(O)cc2)c(O)c(O)c1-c1ccc(O)cc1,1
Oc1c(O)c(Br)c(Cc2c(Br)c(O)c(O)c(Br)c2Br)c(Br)c1Br,1
Oc1cc(O)c2c(c1)O[C@]1(c3ccc(O)c(O)c3)Oc3cc(O)c4c(c3[C@@H]2[C@H]1O[C@@H]1OC[C@@H](O)[C@H](O)[C@H]1O)O[C@H](c1ccc(O)c(O)c1)[C@H](O)[C@H]4c1c(O)cc(O)c2c1O[C@H](c1ccc(O)c(O)c1)[C@H](O)C2,1
COc1ccc(-c2oc3cc(O[C@@H]4O[C@H](CO)[C@@H](O)[C@H](O[C@@H]5O[C@@H](C)[C@H](O)[C@@H](O)[C@H]5O)[C@H]4O)c(OC)c(O)c3c(=O)c2OC)cc1,1
Cc1c(C)c2c(c(C)c1O)CCC(C)(C(=O)NCCNc1c3c(nc4cc(Cl)ccc14)CCCC3)O2,1
COc1cc2ccc(=O)oc2c(O)c1O,0
Oc1ccc2[nH]c(-c3ccccc3O)nc2c1,1
O=C(Nc1nnc(-c2cccc(O)c2O)s1)C1CCCCC1,1
[O-][S+](/C=C/c1ccc(O)c(O)c1)Cc1ccc(Cl)cc1,1
O=C(/C=C/c1ccc(O)cc1)CC(=O)NC1CCN(Cc2ccccc2)CC1,0
C=CCc1ccc(O)c(OC)c1,1
COc1cc(/C=N/NC(=O)CCc2nc3ccccc3c(=O)[nH]2)ccc1O,0
CC(C)CCOC(=O)/C=C/c1ccc(O)c(O)c1,1
CCCCCCOc1cc(/C=C/C(=O)NCCCc2ccc(C)c(C)c2)cc(OCCCCCC)c1O,1
CCOC(=O)[C@H](C)NC(=O)/C=C/c1ccc(O)c(O)c1,1
CN(C)CCN(CC1CCCN(C2Cc3ccccc3C2)C1)C(=O)c1ccc2cccnc2c1O,1
CN(C)c1ccc(/C=C/C(=O)c2ccc(O)cc2O)cc1,0
CN(C)CCN(CC1CCCN(Cc2ccc3cccc(O)c3n2)C1)C(=O)c1ccc2ccccc2c1,0
Oc1ccc(/C=C/c2cccc(/C=C/c3ccc(O)cc3)c2)cc1,1
COc1cc(/C=C/C(=O)NCc2cc(C(C)(C)C)c(O)c(C(C)(C)C)c2)cc(OC)c1O,1
CC1(C)OC(=O)[C@@]2(C=C[C@@H](OC(=O)/C=C/c3ccc(O)c(O)c3)[C@H](OC(=O)/C=C/c3ccc(O)c(O)c3)C2)O1,1
Oc1cc(O)c2c(c1)O[C@H](c1cc(O)c(O)c(O)c1)[C@H](O)C2,1
C=CCc1cc(OC)c(O)c(O[C@@H]2O[C@H](COC(=O)/C=C/c3cc(OC)c(O)c(OC)c3)[C@@H](O)[C@H](O)[C@H]2O)c1,1
CN(C)Cc1c(O)c(O)c(O)c2c(=O)cc(-c3ccc(O)cc3)oc12,1
Oc1ccc(OCc2cccc(Cl)c2)cc1,1
COc1cc(CCC(=O)NCCC2CCN(Cc3ccccc3)CC2)ccc1O,1
COc1cc(/C=C/CO)ccc1O[C@H](CO)[C@@H](O)c1ccc(O)cc1,0
O=C(N/N=C/c1cc(O)ccc1O)c1ccncc1,1
COc1cc(O)c2c(=O)c(O[C@@H]3O[C@@H](C)[C@H](O)[C@@H](O)[C@H]3O)c(-c3ccc(O)c(O)c3)oc2c1OC(C)=O,1
O=C(Cc1ccc(O)cc1)c1ccc(O)c(O)c1O,1
COc1cc2c(cc1O)CCC(C)(CCNC(=O)/C=C(C)/C=C/C=C(C)/C=C/C1=C(C)CCCC1(C)C)O2,1
CC(C)(C)c1cc(/C=C/C(=O)NCCC2CCN(Cc3cccc(F)c3)CC2)cc(C(C)(C)C)c1O,1
COc1cccc(/C=N/N=C2/c3cc(I)ccc3-n3c2nc2ccccc2c3=O)c1O,1
COc1cc(/C=N/N=c2\[nH]ncc3ccccc23)cc(-c2cc(/C=N/N=c3/[nH]ncc4ccccc34)cc(OC)c2O)c1O.Cl.Cl,1
COc1cc(/C=C/C(=O)NCC(=O)Nc2cccc(Cl)c2)ccc1O,0
COc1cc2c(c(OC)c1OC)C(=O)[C@H](O)[C@@H](c1ccc(O)c(O)c1)O2,1
COc1cc(/C=C/C=N/NC(=O)c2ccc(C(C)(C)C)cc2)ccc1O,0
COc1cc2oc(-c3ccc(O)c(O[C@@H]4O[C@H](CO)[C@@H](O)[C@H](O)[C@H]4O)c3)c(C)c(=O)c2c(O)c1O,1
CN(C)Cc1cc(/C=C2\CCC/C(=C\c3cc(CN(C)C)c(O)c(CN(C)C)c3)C2=O)ccc1O,1
COc1cc(C(=O)O)ccc1O,0
Cc1ccc(NC(=O)/C=C/c2ccc(O)c3oc(-c4ccc(O)c(O)c4)cc23)cc1,1
Oc1cc(O)cc(/C=C/c2ccc(O)c(I)c2)c1,1
O=c1oc2cc(O)c(O)cc2cc1-c1ccc2c(c1)OCO2,1
O=C(Nc1nnc(-c2ccc(O)c(O)c2)s1)c1ccc(/C=C/C(=O)c2cccc3cc4ccccc4cc23)cc1,1
COc1cc([C@@H]2OC[C@@H]3[C@H]2CO[C@H]3c2ccc(O)c(OC)c2)ccc1O,1
C=C(C)C(O)Cc1c(O)cc2c(c1O)C(=O)C[C@@H](c1ccc(O)c(O)c1C/C=C(\C)CCC=C(C)C)O2,1
O=C(/C=C/c1ccccc1O)c1ccc(O)cc1O,0
COc1ccc(O)c(C(C)(C)C)c1,1
COC(=O)[C@H](CS)NC(=O)/C=C/c1ccc(O)cc1,0
O=c1cc(O)c2ccc3c(c2o1)C=CC1(O3)C2CC3CC(C2)CC1C3,0
O=S(=O)(/C=C/c1ccc(O)c(O)c1)CCCCCCCCCCCO,1
O=C(/C=C/c1ccc(O)c(O)c1)NCCNc1c2c(nc3cc(Cl)ccc13)CCCC2,1
Oc1cc(O)c(/C=N/NC(=S)Nc2ccccc2)cc1O,1
CN(C)CCCOc1ccc(-c2cc(=O)c3c(O)c(O)c(O)cc3o2)cc1,0
Oc1ccc(C#Cc2ccc(C#Cc3ccc(O)cc3)cc2)cc1,1
O=C(/C=C/c1ccc(O)c(O)c1)Nc1ccc([N+](=O)[O-])cc1,1
OC[C@H]1O[C@@H](Oc2ccc(O)cc2)[C@H](O)[C@@H](O)[C@@H]1O,0
COc1ccc(/C=C/C(=O)NCCNC(=O)/C=C/c2ccc(OC)c(O)c2)cc1O,0
C[C@H]1O[C@@H](Oc2cc(O)c3c(c2)O[C@H](c2cc(O)c(O)c(O)c2)CC3=O)[C@@H](O)[C@@H](O)[C@@H]1O,1
COc1cc(/C=C/C(=O)/C(C)=C(O)/C=C/c2ccc(O)c(OC)c2)ccc1O,1
Oc1ccc(-c2nc3ncc(Cl)cc3[nH]2)c(O)c1,1
COc1ccc([C@H]2Oc3cc(OC)c(OC)c(OC)c3C(=O)[C@@H]2O)cc1O,0
COc1cc(/C=C/C(=O)OCC2CCN(Cc3ccc([N+](=O)[O-])cc3)CC2)ccc1O,1
CC(=O)O/C(C(=O)/C=C/c1ccc(O)cc1)=C(O)\C=C\c1ccc(O)cc1,1
O=C(/C=C(/C=C/c1ccc(O)cc1)NCCCO)/C=C/c1ccc(O)cc1,0
COc1cc(/C=C/C(=O)c2c(O)c3ccccc3oc2=O)cc(OC)c1OC,1
COc1ccc(C2CC(=NOC(=O)c3cccc(O)c3)CC(c3ccc(OC)cc3)N2C)cc1,1
COc1cc(/C=C/C(=O)/C=C/c2ccc(C)c(C)c2)ccc1O,1
O=c1c(O)c(/C=C/c2ccccc2)oc2ccccc12,1
COc1ccc(O)c(/C=C/C(=O)/C=C/c2ccc(OC)c(OC)c2)c1,1
COc1cc2c(cc1O)CCC(C)(CC(=O)N[C@@H](Cc1ccc(O)cc1)C(=O)O)O2,1
C=CCNC(=O)/C=C/c1ccc(O)c2oc(-c3ccc(O)c(O)c3)cc12,1
CCOP(=O)(OCC)C(C)(C)/[N+]([O-])=C/c1ccc(O)c(O)c1,1
COc1c(-c2cc(O)c(O)c(O)c2)oc2cc(O)cc(OCCN3CCCCC3)c2c1=O.Cl,1
Oc1ccc(/C=N/NC(=[Se])Nc2cccc3ccccc23)cc1O,1
O=c1ccc2cc(O)c(O)c(O)c2o1,0
CCOc1cc(/C=C/C(=O)/C=C/c2ccc(O)c(OC)c2)ccc1O,1
Oc1ccc(/C=N/c2cccc(O)c2)cc1,0
O=C(Cc1ccccc1)Nc1nnc(-c2cccc(O)c2O)s1,1
COc1ccc(/C=N/c2ccccc2O)cc1,1
COc1cccc(/C=N/N=C2/c3cc(Cl)ccc3-n3c2nc2ccccc2c3=O)c1O,1
Cc1cc(C(C)(C)C)c(O)c(C(C)(C)C)c1,1
COc1ccc(C(CC(=O)c2c(O)c3ccccc3oc2=O)c2c[nH]c3ccccc23)cc1OC,0
CCCCCCCCCCCCCCCCCCC(=O)OC[C@H]1O[C@@H](Oc2c(-c3ccc(O)c(O)c3)oc3cc(O)cc(O)c3c2=O)[C@H](O)[C@@H](O)[C@@H]1O,1
O=S(=O)(c1ccccc1)N(Cc1ccc(Br)cc1F)c1cc(F)c(O)c(F)c1,1
Cc1cc(O)c2c(c1O)[C@H](O)[C@H]1C[C@@H](O)C[C@H](O)[C@@H]1C2=O,1
O=C(O)[C@H]1O[C@@H](Oc2c(O)cc(O)c3c(=O)cc(-c4ccc(O)cc4)oc23)[C@H](O)[C@@H](OS(=O)(=O)O)[C@@H]1O,0
COc1ccc(-c2coc3cc(O)ccc3c2=O)cc1,0
O=C1C[C@@H](c2cc(O)cc(O)c2)Oc2cc(O)cc(O)c21,1
O=C(CC(c1ccc(O)c(O)c1)c1c[nH]c2ccccc12)c1c(O)c2ccccc2oc1=O,0
C[C@@H]1OC2=C(C(=O)c3ccc(O)c(O)c3C2=O)C1(C)C,0
COc1ccc(CCC(=O)/C=C/c2ccc(O)c(O)c2)c(OC)c1,1
COc1c(-c2cc(O)c(O)c(O)c2)oc2cc(O)cc(OCCN3CCCC3)c2c1=O.Cl,1
O=S(=O)(Nc1cc(F)c(O)c(F)c1)c1ccc(C(F)(F)F)cc1,1
O=C(/C=C/c1cccc(O)c1)CC(=O)c1ccc(O)c(O)c1,1
CCOc1cc(/C=N/NC(=O)c2ccc(OC)c(OC)c2)ccc1O,1
COC(=O)C[C@H]1c2cc(O)c(O)cc2Oc2cc(O)c3c(c21)O[C@H](c1ccc(O)c(O)c1)[C@H](O)C3,1
COc1cc(C=O)cc(OC)c1O,0
O=c1cc(-c2ccc(O)cc2)oc2c(CN3CCOCC3)c(O)c(O)c(O)c12,1
COc1cc(/C=C/C(=O)/C=C(O)/C=C/c2ccc(O)c(OC)c2)ccc1O,1
O=c1cc(-c2ccccc2)oc2cccc(O)c12,1
CCOC(=O)[C@H]1CC(=O)c2c1c1c(O)c(O)c(O)cc1c(=O)n2CCCC(=O)OC,1
O=C(/C=C/c1ccccc1)O[C@@H]1[C@@H](O)[C@H](O)[C@@H](CO)O[C@H]1c1c(O)cc2oc3cc(O)c(O)cc3c(=O)c2c1O,1
Cc1cc(O)c(C(C)C)cc1/N=C/c1ccccn1,1
COc1ccc(-c2c3c(n4c2-c2cc(OC)c(OC)cc2CC4)COc2cc(O)c(OC)cc2-3)cc1O,0
COc1cc(/C=C/C(=O)OC[C@H]2O[C@@](CO)(O[C@H]3O[C@H](COC(=O)/C=C/c4cc(OC)c(O)c(OC)c4)[C@@H](O)[C@H](O)[C@H]3O)[C@@H](OC(=O)/C=C/c3cc(OC)c(O)c(OC)c3)[C@@H]2O)cc(OC)c1O,1
O=C1c2c(O)cc(O)cc2O[C@H](c2ccc(O)c(O)c2)[C@H]1O,1
O=C(O)Cc1c2c3c(cc(O)c(O)c3oc1=O)C(=O)OC2,1
O=C(/C=C/c1ccc(O)c2oc(-c3ccc(O)c(O)c3)cc12)N1CCCCC1,1
O.O=C(Nc1nnc(-c2ccc(O)c(O)c2)s1)c1ccccc1,1
CCOP(=O)(OCC)C(C)(C)/[N+]([O-])=C/c1cc(OC)c(O)c(OC)c1,0
COC(=O)[C@]1(Cc2ccc(O)c(CC=C(C)C)c2)OC(=O)C(OC)=C1c1ccc(O)cc1,0
CC(C)(C)c1cc(/C=C/C(=O)NCC2CCN(Cc3ccccc3)CC2)cc(C(C)(C)C)c1O,1
Cc1cc(O)c(C(C)C)cc1/N=C/c1ccc(C(C)(C)C)cc1,1
CC(=O)Oc1c(-c2ccc(O)cc2)c(O)c2oc3cc(O)c(O)cc3c2c1OC(C)=O,1
O=C(O)c1cc(O)c(O)c(O)c1,1
COc1cc(O)ccc1-c1cc2cc(CCCO)ccc2o1,1
Oc1ccc(-c2cc3cccc(O)c3o2)cc1O,1
COC(c1ccc(O)cc1)[C@H]1CO[C@@H](c2ccc(O)cc2)[C@@H]1CO,0
COc1cc(/C=C/C(=O)NCC(=O)Nc2ccc3ncccc3c2)ccc1O,1
Cc1ccc2nc(NCCCCOc3cc(O)c4c(=O)cc(-c5ccccc5)oc4c3)sc2c1,1
O=C(OC[C@H]1OC[C@H](OC(=O)c2cc(O)c(O)c(O)c2)[C@@H](O)[C@@H]1O)c1cc(O)c(O)c(O)c1,1
COc1cc(O)c2c(=O)c(O[C@@H]3O[C@@H](C)[C@H](O)[C@@H](O)[C@H]3O)c(-c3ccc(O)c(O)c3)oc2c1O,1
O=C(NCC1CCN(Cc2ccccc2)CC1)c1c(O)c2cc(O)c(O)cc2[nH]c1=O,1
COc1cc(/C=C/C(=O)NCCC2CCN(Cc3ccccc3)CC2)ccc1O,1
CCOC(=O)Cc1c2c3c(cc(O)c(O)c3oc1=O)C(=O)OC2C(=O)OCC,1
CCN(CC)CCOc1cc(O)c2c(=O)c(OC)c(-c3cc(O)c(O)c(O)c3)oc2c1.Cl,1
COC(=O)Cc1cc(O)cc2oc(-c3ccc(O)cc3O)cc(=O)c12,0
COc1cc2oc(-c3ccc(O)cc3)cc(=O)c2c(O)c1O[C@@H]1O[C@H](CO)[C@@H](O)[C@H](O)[C@H]1O,0
COc1cc(/C=N/Nc2nc3ccccc3s2)cc(O)c1O,1
CCOC(=O)CNC(=O)/C=C/c1ccc(O)c(O)c1,1
Cc1cccc2nc(-c3ccc(C(=O)N/N=C/c4cc(O)cc(O)c4)cc3)[nH]c12,1
O=c1ccc2c(O)c(O)c(O)cc2o1,0
O=C1C[C@@H](c2ccc(O)c(O)c2)Oc2cc(O)cc(O)c21,1
CCOC(=O)[C@H]1O[C@@H](Oc2cc(O)c3c(=O)cc(-c4ccc(O)c(O)c4)oc3c2)[C@H](O)[C@@H](O)[C@@H]1O,1
COc1cc(/C=N/N(C)C(=O)OCc2ccccc2)cc(OC)c1O.Cl,0
COc1ccc(/C=C/C(=O)O[C@H](C(=O)O)[C@](O)(Cc2ccc(O)c(O)c2)C(=O)O)cc1OC,1
CC(C)(C)c1cc(/C=C/C(=O)NCCC2CCN(Cc3cccc(Cl)c3)CC2)cc(C(C)(C)C)c1O,1
COc1cc(/C=C/C(=O)/C=C(/C=C/c2ccc(O)c(OC)c2)NCCCO)ccc1O,1
CCCCC1(CCCC)OC(=O)[C@]2(C[C@@H](O)[C@H](O)[C@H](OC(=O)/C=C/c3ccc(O)c(O)c3)C2)O1,1
O=C(/C=C/c1ccc(O)c(O)c1)NCCCNc1c2c(nc3ccccc13)CCCC2,1
O=c1cc(O)c2ccc3c(c2o1)[C@@H](O)[C@@H](O)C1(CCCC1)O3,1
CCOc1cc(/C=N/NC(=S)N[C@@H]2O[C@H](COC(C)=O)[C@H](OC(C)=O)[C@H](OC(C)=O)[C@H]2OC(C)=O)ccc1O,1
COc1cc(/C=C/C(=O)c2cc(F)c(F)c(F)c2)ccc1O,1
COc1cc(O)cc(O)c1C(=O)c1ccc(O)c(O)c1,1
COc1ccc(C[S+]([O-])/C=C/c2ccc(O)c(O)c2)cc1,1
CC(C)(C)c1ccc(CS(=O)(=O)/C=C/c2ccc(O)c(O)c2)cc1,1
O=C(/C=C/c1ccc(O)c(O)c1)N[C@@H](CS)C(=O)NCCc1ccc(O)c(O)c1,1
COc1c(-c2ccc(O)c(O)c2)oc2cc(OCCN3CCCC3)cc(O)c2c1=O.Cl,1
CC(C)=CCC[C@]1(C)[C@@H](CC=C(C)C)C[C@]2(CC=C(C)C)C(=O)[C@@]1(CC=C(C)C)C(=O)C(C(=O)c1ccc(O)c(O)c1)=C2O,1
O=C(Cc1ccc(O)c(O)c1)N[C@@H](Cc1ccc(O)cc1)C(=O)NCCc1ccc(O)c(O)c1,1
CC1=NN(C(=O)c2cc3ccccc3oc2=O)C(=O)C1CNc1ccc(O)c(C(=O)O)c1,0
COc1cc(/C=N/NC(=O)c2nn(-c3ccc(Cl)c(Cl)c3)c(-c3ccc(Cl)cc3)c2C)ccc1O,0
CC1(C)CCC[C@@]2(C)C1=C(O)C(=O)c1c2c(O)c2oc(CO)cc2c1O,0
OCc1c(Br)c(O)c(O)c(Br)c1Br,1
O=C1/C(=C/c2ccc(O)c(O)c2)Oc2cc(O)ccc21,1
O=c1c(O)c(-c2cc(O)c(O)c(O)c2)oc2cc(O)cc(O)c12,1
O=c1cc(-c2ccc(O)c(O)c2)oc2cc(OCCOC[C@@H]3OC(O)[C@@H](O)[C@H](O)[C@H]3O)cc(O)c12,1
CN(C)CCN(CC1CCCN(C2Cc3ccccc3C2)C1)C(=O)c1cccc(O)c1,0
Cc1cc(O)c(C(C)(C)C)cc1/N=C/c1ccccn1,1
COc1cc(O)c2c(O)c3c(=O)cc(C)oc3cc2c1,1
Cn1c(=O)c(C(=O)NCC2CCN(Cc3ccccc3)CC2)c(O)c2cc(O)c(O)cc21,1
O=C(/C=C/c1ccc(O)cc1)OCCOc1no[n+]([O-])c1S(=O)(=O)c1ccccc1,0
CCN(CC)CCOc1cc(O)c2c(=O)c(OC)c(-c3ccc(O)c(O)c3)oc2c1.Cl,1
COc1cc(CN(Cc2ccc(O)c(OC)c2)[C@H]2CC[C@H](N(Cc3ccc(O)c(OC)c3)Cc3ccc(O)c(OC)c3)CC2)ccc1O,0
COc1ccc2c(c1)OC/C(=C\c1cc(OC)c(O)c(OC)c1)C2=O,1
COc1cc(C)c(Oc2cc(C)cc(OC)c2O)c(O)c1,1
CC1=NC(=S)N(n2c(CCl)nc3ccccc3c2=O)C(=O)C1/N=N/c1ccc(O)cc1O,1
CC(C)(C)c1cc(/C=C/C(=O)NCCC2CCN(Cc3ccccc3F)CC2)cc(C(C)(C)C)c1O,1
COc1ccc(-n2cnc(C#N)c2/N=C/c2ccc(O)c(O)c2O)cc1,1
COc1ccc(O)c(/C=C/C(=O)/C=C/c2cc(OC)c(OC)c(OC)c2)c1,1
O=C(NCC1CCCN(c2nc3ccccc3o2)C1)c1cc([N+](=O)[O-])c2cccnc2c1O,0
Oc1ccc(OCc2ccccc2Cl)cc1,0
O=C(/C=C/c1ccc(O)c(O)c1)O[C@H](C(=O)O)[C@](O)(Cc1ccc(O)c(O)c1)C(=O)O,1
C[C@@H]1O[C@@H](O[C@@H]2[C@@H](O)[C@H](OCCc3ccc(O)c(O)c3)O[C@H](CO)[C@H]2OC(=O)/C=C/c2ccc(O)c(O)c2)[C@H](O)[C@H](O)[C@H]1O,1
COc1cc2c(ccc3cc(O)cc(OC)c32)cc1O,0
CCCCNC(=O)[C@@H](Cc1ccc(O)c(O)c1)OC(=O)/C=C/c1ccc(O)c(O)c1,1
O=C1c2c(O)cc(O)cc2O[C@@H](c2cc(O)ccc2O)[C@@H]1O,1
CC(C)=CC[C@@H]1C[C@]2(C/C=C(\C)[C@@H](O)CC=C(C)C)C(=O)[C@@](CC=C(C)C)(C(=O)C(C(=O)c3ccc(O)c(O)c3)=C2O)C1(C)C,1
CC(C)(C)c1cc(/C=C/C(=O)NCCC2CCN(Cc3ccc(Br)cc3)CC2)cc(C(C)(C)C)c1O,1
O=C(/C=C/c1ccc(O)c(O)c1)O[C@@H]1C[C@](O)(C(=O)O)C[C@@H](OC(=O)/C=C/c2ccc(O)c(O)c2)[C@H]1O,1
COc1ccc(CC(=O)c2ccc(O)cc2O)cc1OC,1
CC(C)(C)c1cc(/C=C/C(=O)NCCC2CCN(Cc3cccc([N+](=O)[O-])c3)CC2)cc(C(C)(C)C)c1O,1
Cc1cc(/N=C/c2ccc(C(C)C)cc2)c(C(C)C)cc1O,1
COc1cc(/C=N/NC(=O)c2nn(-c3ccc(C(F)(F)F)cc3)c(-c3ccc(Br)cc3)c2C)ccc1O,0
COc1cc(CCC(=O)NC2CCN(Cc3ccccc3)CC2)ccc1O,1
COc1cc(/C=N/NC(=O)c2cccnc2)cc(OC)c1O,1
O=C(/C=C/c1ccc(O)c(O)c1)CCCc1ccccc1,1
COc1cc(/C=N/c2cc(C(C)(C)C)c(O)cc2C)cc(OC)c1,1
O=C(/C=C\c1ccc(O)cc1)O[C@@H]1Cc2c(O)cc(O)cc2O[C@@H]1c1cc(O)c(O)c(O)c1,1
COc1ccc(C2/C(=C\c3ccc(O)c(OC)c3)C(=O)c3cccn32)cc1O,1
CN(C)c1ccc(/C=C2\Oc3cc(O)ccc3C2=O)cc1,0
O=S(=O)(/C=C/c1ccc(O)c(O)c1)NCCc1ccccc1,1
COc1cc([C@@H](O)[C@H](CO)Oc2ccc([C@@H](OC)[C@H](CO)c3ccc(O)c(OC)c3)cc2OC)ccc1O,1
CCCCCCCCCCCCCCOC(=O)/C=C/c1ccc(O)c(OC)c1,0
CC/C=C\C/C=C\C/C=C\C/C=C\C/C=C\C/C=C\CCOC[C@H]1O[C@@H](Oc2cc(O)cc(O)c2C(=O)CCc2ccc(O)cc2)[C@H](O)[C@@H](O)[C@@H]1O,0
CC(C)=CCC/C(C)=C/Cc1c(O)cc2c(c1O)C(=O)C[C@@H](c1ccc(O)c(O)c1)O2,1
Cc1c(C)c2c(c(C)c1O)CCC(C)(C(=O)O)O2,1
O=C(/C=C/c1ccc2c(c1)OCO2)c1cc2cc(O)ccc2oc1=O,0
COc1cc(/C=C/C(=O)OC[C@H]2O[C@@H](OCCc3ccc(O)c(O)c3)[C@H](O)[C@@H](O[C@@H]3O[C@@H](C)[C@H](O)[C@@H](O)[C@H]3O[C@@H]3OC[C@H](O)[C@@H](O)[C@H]3O)[C@@H]2O)ccc1O,1
CCCCCCS(=O)(=O)/C=C/c1ccc(O)c(O)c1,1
COc1ccc(/C=N/c2ccccc2O)cc1OC,1
COc1cc(CN(Cc2ccccc2)Cc2cc(OC)c(O)c(OC)c2)cc(OC)c1O,1
CCCCCCOc1cc2oc(-c3ccccc3)cc(=O)c2c(O)c1O,1
Oc1ccc(Cc2c(Cl)c(O)c(O)c(O)c2Cl)cc1O,0
O=C(/C=C/C=C/c1ccccc1)c1ccccc1O,0
COc1cc(-c2oc3c(O)cc([C@H]4Oc5cc(O)cc(O)c5C(=O)[C@@H]4O)cc3c2C)ccc1O,1
O=c1cc(-c2ccccc2)oc2cc(OCCCCNc3nc4ccc(F)cc4s3)cc(O)c12,1
Cc1c(C)c2c(c(C)c1O)CCC(C)(C(=O)NCCCCCNc1c3c(nc4cc(Cl)ccc14)CCCC3)O2,1
COc1ccc(C2CC(=NOC(=O)c3cc(O)cc(O)c3)CC(c3ccc(OC)cc3)N2C)cc1,1
O=C(O[C@H]1[C@H](O)[C@@H](O)CO[C@@H]1CO)c1cc(O)c(O)c(O)c1,1
CC[C@H](C)CC/C(C)=C/c1c(C)c(O)cc2c1[nH]c1c(O)ccc(CO)c12,1
COc1cc(O)c2c(=O)c(O[C@@H]3O[C@@H](C)[C@H](O)[C@@H](O)[C@H]3O)c(-c3cc(O)c(O)c(O)c3)oc2c1,1
O=c1cc(-c2ccc(O)cc2)oc2cc(O[C@@H]3O[C@H](CO)[C@@H](O)[C@H](O)[C@H]3O)c(O)c(O)c12,1
O=C(CCc1nc2ccccc2c(=O)[nH]1)N/N=C/c1ccc(O)c(O)c1,0
COc1cc(/C=C/C(=O)/C(OC(C)=O)=C(O)/C=C/c2ccc(O)c(OC)c2)ccc1O,1
COc1cc(/C=N/NC(=O)c2ccncc2)cc(-c2cc(/C=N/NC(=O)c3ccncc3)cc(OC)c2O)c1O,1
Cc1ccc(/C=C/C(=O)c2ccccc2O)cc1,0
COc1cc(/C=C(/C(=O)NCCc2ccc(O)cc2)c2cc(O)c(O)cc2CCC(=O)NCCc2ccc(O)cc2)cc(OC)c1O,1
CCC[C@H]1OC(=O)/C=C\C=C\[C@H](O)[C@@H](O)[C@@H]1[C@H](C)COC(=O)c1ccc(O)cc1,1
CC/C=C\C/C=C\C/C=C\C/C=C\C/C=C\C/C=C\CCOC[C@H]1O[C@@H](Oc2c(-c3ccc(O)c(O)c3)oc3cc(O)cc(O)c3c2=O)[C@H](O)[C@@H](O)[C@@H]1O,0
COc1cc(/C=C(/NC(=O)c2ccccc2)C(=O)NC(CS)C(=O)N(C(=O)NC2CCCCC2)C2CCCCC2)ccc1O,1
O=C(/C=C/c1ccc(O)c(O)c1)OCCCc1ccccc1,1
COc1cc(/C=N/NC(=O)c2nn(-c3ccc(F)cc3F)c(-c3ccc(F)cc3)c2C)ccc1O,0
COc1cc(/C=C/C=N/NC(=O)c2ccc(O)cc2)ccc1O,1
COc1ccc(C(CC(=O)c2c(O)c3ccccc3oc2=O)c2c[nH]c3ccccc23)cc1,1
CC(=O)c1c(O)cc(O)c(C/C=C(\C)CCC=C(C)C)c1O,1
COc1cc(/C=C/C(=O)O[C@H]2[C@H](OC(=O)/C=C/c3cc(OC)c(O)c(OC)c3)[C@@H](CO)O[C@@]2(CO)O[C@H]2O[C@H](COC(=O)/C=C/c3cc(OC)c(O)c(OC)c3)[C@@H](O)[C@H](O)[C@H]2O)ccc1O,1
COc1cc([C@@H](CO)[C@H](OC)c2ccc(O[C@H](CO)[C@@H](O)c3ccc(O)c(OC)c3)c(OC)c2)ccc1O,1
O=c1cc(/C=N\c2ccc(O)cc2)c2c(OCc3ccccc3)cc(OCc3ccccc3)cc2o1,1
Cc1cc(/N=C/c2ccc(C(C)(C)C)cc2)c(C(C)C)cc1O,1
COc1cc([C@H]2Oc3cc([C@H]4Oc5cc(O)cc(O)c5C(=O)[C@@H]4O)ccc3O[C@H]2COP(=O)([O-])OC2O[C@H](CO)[C@@H](O)[C@H](O)[C@H]2O)ccc1O.[Na+],0
C[C@@H]1O[C@@H](OC[C@H]2O[C@@H](Oc3c(-c4ccc(O)c(O)c4)oc4cc(O)cc(O)c4c3=O)[C@H](OC(=O)/C=C/c3ccc(O)cc3)[C@@H](O)[C@@H]2O)[C@H](O)[C@H](O[C@@H]2O[C@H](CO)[C@@H](O)[C@H](O)[C@H]2O)[C@H]1O,1
O=C(/C=C/c1ccccc1)c1ccccc1O,0
C[C@@H]1O[C@@H](O[C@@H]2[C@@H](O)[C@H](OCCc3ccc(O)c(O)c3)O[C@H](CO)[C@H]2OC(=O)/C=C/c2ccc(O)c(O)c2)[C@H](O[C@@H]2OC[C@H](O)[C@@H](O)[C@H]2O)[C@H](O)[C@H]1O,1
CC1=CCC[C@H]2[C@](C)(Cc3cc(O)c(Sc4ccccc4CO)cc3O)CCC[C@]12C,1
CC/C=C\C/C=C\C/C=C\CCCCCCCC(=O)OC[C@H]1O[C@@H](Oc2c(-c3ccc(O)c(O)c3)oc3cc(O)cc(O)c3c2=O)[C@H](O)[C@@H](O)[C@@H]1O,1
CC/C=C\C/C=C\C/C=C\C/C=C\C/C=C\CCCOC[C@H]1O[C@@H](Oc2cc(O)cc(O)c2C(=O)CCc2ccc(O)cc2)[C@H](O)[C@@H](O)[C@@H]1O,0
COc1cc2c(c(OC)c1O)-c1ccc(O)cc1CC2,1
COc1cc(/C=N/NC(=O)c2ccc(OC)c(OC)c2)ccc1O,0
COc1cc(/C=N/NC(=O)OCc2ccccc2)ccc1O,1
CS(=O)(=O)Cc1c(Br)c(O)c(O)c(Br)c1Br,1
O=c1cc(-c2ccccc2)oc2cc(OCCCCNc3nc4ccc(C(F)(F)F)cc4s3)cc(O)c12,1
COc1cccc(NC(=O)CNC(=O)/C=C/c2ccc(O)c(OC)c2)c1,1
COc1cc(/C=C(/C(=O)NCCCCNC(C)=O)c2cc(O)c(O)cc2CCC(=O)NCCc2ccc(O)cc2)cc(OC)c1O,1
Oc1cc2c(cc1O)-c1[nH]c3ccccc3c1C2,0
COc1cc([C@H](O)[C@@H](CO)Oc2c(OC)cc([C@@H]3OC[C@@H]4[C@H]3CO[C@H]4c3cc(OC)c(O[C@H](CO)[C@@H](O)c4cc(OC)c(O)c(OC)c4)c(OC)c3)cc2OC)ccc1O,1
O=S(=O)(/C=C/c1ccc(O)c(O)c1)CC1CCCC1,1
COc1c(-c2ccc(O)c(O)c2)oc2cc(OCCOC[C@@H]3OC(O)[C@@H](O)[C@H](O)[C@H]3O)cc(O)c2c1=O,1
CCC[C@H]1C[C@H]2OC(=O)c3c(cc(OC)c(O)c3O)[C@H]2O1,1
O.O.O=C(Nc1nnc(-c2ccc(O)c(O)c2)s1)c1ccc(Cl)cc1,1
O=C1NN=C2C=C(c3ccc(O)cc3)CC(c3cccc([N+](=O)[O-])c3)C12,0
Cc1c(C(=O)N[C@@H](Cc2ccccc2)C(=O)C(=O)NCc2ccccc2)oc2cc(O)c(O)cc2c1=O,1
COc1cc(O)ccc1-c1nc2cc(O)ccc2[nH]1,1
COc1ccc(-n2c(S)nnc2CSCc2cc(C(C)(C)C)c(O)c(C(C)(C)C)c2)cc1,1
O=C1c2c3c(cc(O)c2[C@H](O)[C@H](O)[C@@H]1Cl)-c1ccc(O)c2c(O)ccc-3c12,1
COC(=O)C1=C(C)NC(=O)NC1c1ccc(O)cc1,1
COc1ccc(-c2cc(=O)c3ccc(O)cc3o2)cc1OC,1
COCc1cc(O)c(Cc2cc(O)c(Cc3cc(O)ccc3O)cc2O)cc1O,1
O=C1C[C@@H](c2ccc(O)c(O)c2)c2c(cc(O)c3c2O[C@H](c2ccc(O)c(O)c2)[C@H](O)C3)O1,1
CC1=NC(=S)N(n2c(CCl)nc3ccccc3c2=O)C(=O)C1/N=N/c1ccc(Cl)cc1O,1
COc1ccc(C2CC(=NOC(=O)c3ccc(O)cc3)CC(c3ccc(OC)cc3)N2C)cc1,1
Oc1cccc2c1Cc1c-2[nH]c2ccccc12,0
CN(CCCOc1cc(O)c2c(=O)c3ccccc3oc2c1)Cc1ccc(O)cc1,0
COc1c(O)cc2oc(-c3ccc(O)cc3)cc(=O)c2c1O,1
Cc1c(C)c2c(c(C)c1O)CCC(C)(C(=O)NCCCCCNc1c3c(nc4ccccc14)CCCC3)O2,1
COc1ccc(/C=C/C(=O)NCCCNC(=O)/C=C/c2ccc(OC)c(O)c2)cc1O,0
CC1=CCC[C@H]2[C@](C)(Cc3cc(O)cc(Sc4ccccc4C(=O)O)c3O)[C@@H](C)CC[C@]12C,1
CCN(C)C(=O)Oc1cccc(CCNC(=O)c2cc(O)c(O)c(O)c2)c1,1
O=c1cc(O)c2ccccc2o1,0
COc1c(O)cc2oc(-c3cc(O)cc(O)c3)cc2c1CC=C(C)C,1
COc1cc(O)cc2c1-c1c(O)cccc1CC2,0
COc1ccc(CC(=O)c2cc(O)c(C)c(C)c2O)cc1,1
O=C(O)[C@H]1O[C@@H](Oc2cc3oc(-c4ccc(O)cc4)cc(=O)c3c(O)c2O)[C@H](O)[C@@H](O)[C@@H]1O,1
CC(C)c1cc2c(c(O)c1O)[C@@]1(C(=O)O)CCCC(C)(C)[C@@H]1CC2,1
COc1cc([C@H]2Oc3cc([C@H]4Oc5cc(O)cc(O)c5C(=O)[C@@H]4O)ccc3O[C@H]2COP(=O)([O-])OC2O[C@H](CO)[C@H](O)[C@H](O)[C@H]2O)ccc1O.[Na+],0
COc1cc(/C=N/NC(=O)CCc2nc3ccccc3c(=O)[nH]2)cc(OC)c1O,0
O=C(CCc1ccc(O)c2oc(-c3ccc(O)c(O)c3)cc12)N1CCOCC1,1
Cc1c(-c2ccc(N(C)C)cc2)oc2cc(O)ccc2c1=O,0
CCO[C@H](c1ccc(O[C@@H](CO)[C@@H](O)c2ccc(O)c(OC)c2)c(OC)c1)[C@H](CO)c1ccc(O)c(OC)c1,1
C=CCN1CCN(C(=O)c2ccc(/C=C/c3ccc(O)c(O)c3)cc2)CC1,0
Oc1cc(O)cc(OCc2ccc(F)cc2)c1,0
COc1cc(O)cc2c1Oc1ccccc1CC2,0
Nc1ccc(-c2nnc(-c3ccccc3N)o2)c(O)c1,1
Oc1ccccc1/N=C/c1ccccc1F,1
CC(C)(C)c1ccc(C[S+]([O-])/C=C/c2ccc(O)c(O)c2)cc1,1
COC(=O)Cc1cc(O)cc2oc(-c3ccc(Cl)c(F)c3)cc(=O)c12,0
C=C(C)[C@@H](CC=C(C)C)C[C@@]12C[C@@H](CC=C(C)C)C(C)(C)[C@@](CC=C(C)C)(C(=O)C(C(=O)c3ccc(O)c(O)c3)=C1O)C2=O,1
CCCOc1ccc2c(c1)OC/C(=C\c1ccc(O)c(O)c1)C2=O,1
O=C(O)c1cc(O)c(O)cc1-c1cc2c(O)cccc2oc1=O,1
O=C(O[C@H]1[C@H]([C@@]2(c3ccc(O)c(O)c3)CC[C@H](Cc3ccc(O)c(O)c3)C(=O)O2)OC[C@@H]1O)c1cc(O)cc(O)c1,1
Cc1cc([N+](=O)[O-])ccc1NC(=O)/C=C/c1ccc(O)c(O)c1,1
O=c1cc(O)c2ccc3c(c2o1)C=CC1(CCCC1)O3,0
Cc1cc(O)c(C(C)C)cc1/N=C/c1ccccc1,1
CN(C)CCN(CC1CCCN(C2Cc3ccccc3C2)C1)C(=O)c1ccc2c([N+](=O)[O-])ccc(O)c2n1,0
CS(=O)(=O)[O-].O=C(/C=C/c1cc(O)c(O)c(O)c1)NCCCCCCCC[P+](c1ccccc1)(c1ccccc1)c1ccccc1,1
COc1ccc(CC(=O)c2ccc(O)c(O)c2O)cc1,1
COc1cc(C[C@H](CO[C@@H]2O[C@H](CO)[C@@H](O)[C@H](O)[C@H]2O)[C@@H](CO[C@@H]2O[C@H](CO)[C@@H](O)[C@H](O)[C@H]2O)Cc2ccc(O)c(OC)c2)ccc1O,0
Cc1cc(O)c(Oc2cc(C)cc(Oc3cc(C)cc(O)c3O)c2O)c(O)c1,1
CC[C@@H](C)[C@]12Oc3cc(C4=C(O)C(=O)C(c5ccc(O)cc5)=C(O)C4=O)ccc3O[N@@+]1([O-])C(O)=C([C@@H](C)CC)N(O)C2=O,1
Oc1cc(O)c2c(=[Se])cc(-c3ccccc3)oc2c1,0
N#Cc1ncn(-c2ccc(F)cc2)c1/N=C/c1ccc(O)c(O)c1,1
COc1ccc(C(C)=O)c(O)c1,0
COc1ccc(CC(=O)c2cc(O)c(O)cc2O)cc1,1
COc1ccc(NC(=S)NNC(=O)CSCc2cc(C(C)(C)C)c(O)c(C(C)(C)C)c2)cc1,1
C=CCc1ccc(O)c(-c2cc(O)ccc2O)c1,1
Cc1c(C)c2c(c(C)c1O)CCC(C)(C(=O)NCCCCNc1c3c(nc4cc(Cl)ccc14)CCCC3)O2,1
COc1cc(CNCc2ccccc2)ccc1O,0
O=C1C[C@@H](c2ccc(O)cc2)Oc2cc(O)cc(O)c21,1
COc1c(O[C@@H]2O[C@H](COC(=O)CC(C)C)[C@@H](O)[C@H](O)[C@H]2O)cc2oc(-c3ccc(O)c(O)c3)c(O)c(=O)c2c1O,1
CCOC(=O)/C=C(/C(=O)OCC)[C@H]1c2c(cc(O)c(O)c2O)C(=O)O[C@@H]1C(=O)OC,1
Oc1cc(Br)c(-c2cc3c(Br)ccc(O)c3o2)cc1O,1
Cc1c(Br)c(O)c(O)c(Br)c1Br,1
COc1ccc([C@@H]2Oc3cc(OC)c(O)c(OC)c3C(=O)[C@@H]2O)cc1OC,1
Cc1cccc2cc(C3CC(c4cc(Br)ccc4O)=NN3)c3nnnn3c12,1
Oc1cc(O)c(/C=N/NC(=[Se])Nc2cccc3ccccc23)cc1O,1
O=C(/C=C/c1ccc(O)c2oc(-c3ccc(O)c(O)c3)cc12)N[C@@H](Cc1ccc(O)c(O)c1)C(=O)O,1
CN(CCCCOc1cc(O)c2c(=O)c3ccccc3oc2c1)Cc1ccc(O)cc1,0
COc1cc2c(cc1O)CCC(C)(CCNC(C)=O)O2,1
COc1cc2c(c(O)c1CC=C(C)C)C(=O)C[C@@H](c1ccc(OC)c(OC)c1C/C=C(\C)CCC=C(C)C)O2,0
COc1cc(/C=C2\CC/C(=C\c3cc(CN(C)C)c(O)c(OC)c3)C2=O)cc(CN(C)C)c1O,1
CN(CCCCCCOc1cc(O)c2c(=O)c3ccccc3oc2c1)Cc1cccc(O)c1,0
CCCCc1oc2ccc(/N=C/c3ccccc3-c3cc4ccccc4cc3O)cc2c1C(=O)c1ccc(OC)cc1,1
COc1cc(O)cc(CCc2ccc(O)c(OC)c2)c1,1
Oc1ccc(/C=N/n2c(S)nnc2-c2cnccn2)cc1,1
COc1cc(CNCCCN2C(=O)c3cccc4cccc(c34)C2=O)cc(OC)c1O,1
CCOP(=O)(OCC)C(C)(C)/[N+]([O-])=C/c1cc(O)c(O)c(O)c1,1
COc1ccc(CN2CCC(CCNC(=O)/C=C/c3cc(C(C)(C)C)c(O)c(C(C)(C)C)c3)CC2)cc1,1
O=C1/C(=C/c2ccc(O)c(O)c2)CC/C1=C\c1ccc(O)c(O)c1,1
COc1cc(/C=C/C(=O)NCCc2ccc(O)c(O)c2)ccc1O,1
Oc1ccc(/C=C/c2ccc(/C=C/c3ccc(O)cc3)cc2)cc1,1
COc1cc(/C=C/C=O)ccc1O,1
O=C(Nc1nnc(-c2cccc(O)c2O)s1)C12CC3CC(CC(C3)C1)C2,1
O=c1cc(-c2ccccc2)oc2cc(OCCCCNc3nc4ccccc4s3)cc(O)c12,1
CCOC(=O)[C@H](Cc1ccccc1)NC(=O)/C=C/c1ccc(O)c(OC)c1,1
COc1ccc2cc(C3CC(c4cc(Br)ccc4O)=NN3)c3nnnn3c2c1,1
COC(=O)[C@]1(O)C[C@@H](OC(=O)c2cc(O)c(O)c(O)c2)[C@@H](OC(=O)c2cc(O)c(O)c(O)c2)[C@H](OC(=O)c2cc(O)c(O)c(O)c2)C1,1
CSCC[C@H](NC(=O)Cc1ccc(O)c(O)c1)C(=O)NCCc1ccc(O)c(O)c1,1
O=Cc1cc(Br)c(O)c(Br)c1,1
O=C(NCC(O)CNc1c2c(nc3ccccc13)CCCC2)c1ccc2[nH]c(-c3ccccc3O)nc2c1,0
O=C1CCc2ccc(O)c(c2)-c2cc(ccc2O)C[C@H](O)[C@H](O)[C@H]1O,0
CCOc1cccc(C(CC)c2ccc(O)c(OC)c2)c1O,1
Cc1cc(O)c(C(C)C)cc1/N=C/c1ccc2c(c1)OCO2,1
O.O=C(O)c1cc(O)c(O)c(O)c1,1
COc1cc(/C=C/C(=O)CC(=O)NC2CCN(Cc3ccccc3)CC2)ccc1O,1
C/C=C/CCCCc1c(O)cc(CC=C(C)C)c(O)c1C=O,1
Cc1ccc(C(C)C)c(O)c1,0
COc1cc(/C=C/C(=O)OC[C@H]2O[C@H](O[C@]3(CO)O[C@H](CO)[C@@H](O)[C@@H]3OC(=O)/C=C/c3ccc(O)c(OC)c3)[C@H](O)[C@@H](O)[C@@H]2O)ccc1O,1
C=CCOc1c(/C=C/C(=O)c2cccc(CC=C)c2O)cccc1OC,0
COc1cc([C@@H](O)[C@@H](CO)Oc2ccc([C@@H](OC)[C@H](O)CO)cc2OC)ccc1O,0
CCc1ccc(/C=N/c2cc(C(C)(C)C)c(O)cc2C)cc1,1
COc1cc(/C=C/C(=O)NCCC2CCN(Cc3ccccc3)CC2)cc(OC)c1O,1
O=C(O)[C@@H]1Cc2cc(O)c(O[C@@H]3O[C@H](CO[C@@H]4O[C@H](CO)[C@@H](O)[C@H](O)[C@H]4O)[C@@H](O)[C@H](O)[C@H]3O)cc2N1C(=O)/C=C/c1ccc(O)cc1,1
O=S(=O)(/C=C/c1ccc(O)c(O)c1)CC1CCCCC1,1
CCCCCCOc1cc(/C=C/C(=O)NCCc2cc(C(C)(C)C)c(O)c(C(C)(C)C)c2)cc(OCCCCCC)c1O,1
Oc1ccc(/C=N/c2ccccc2O)c(O)c1,1
CNC(=O)/C=C/c1ccc(O)c2oc(-c3ccc(O)c(O)c3)cc12,1
Oc1ccc(O)c2c1Cc1c-2[nH]c2ccccc12,1
COC(=O)Cc1cc(O)cc2oc(-c3cc(O)ccc3O)cc(=O)c12,0
O=S(=O)(/C=C/c1ccc(O)c(O)c1)NCCCc1ccccc1,1
O=C(/C=C/c1ccc(O)cc1)NCCC1CCN(Cc2ccccc2)CC1,0
C=CCc1cc(-c2cc(O)ccc2O)ccc1O,0
Cc1cc(O)c(C(C)(C)C)cc1/N=C/c1ccc(F)cc1,1
Cc1c(C)c2c(c(C)c1O)CCC(C)(C(=O)NCCCNc1c3c(nc4ccccc14)CCCC3)O2,1
CCC(c1ccc(O)c(O)c1)c1ccc(O)c(OC)c1,1
COc1cc(/C=C/C(=O)OC[C@H]2O[C@@H](OC[C@H]3O[C@@H](Oc4cc5c(cc4O)C[C@@H](C(=O)O)N5C(=O)/C=C/c4ccc(O)cc4)[C@H](O)[C@@H](O)[C@@H]3O)[C@H](O)[C@@H](O)[C@@H]2O)ccc1O,1
Oc1cc(O)c(Oc2cc(O)cc(O)c2Oc2cc(O)cc(O)c2-c2c(O)cc(O)cc2O)c(O)c1,1
COc1cc(/C=C/C(=O)OC[C@H]2O[C@@](CO)(O[C@H]3O[C@H](COC(C)=O)[C@@H](OC(=O)/C=C/c4ccc(O)c(OC)c4)[C@H](O)[C@H]3O)[C@@H](OC(=O)/C=C/c3ccc(O)c(OC)c3)[C@@H]2O)ccc1O,1
COc1cc2oc(-c3ccc(O)cc3)cc(=O)c2c(O)c1O[C@@H]1O[C@H](COC(C)=O)[C@@H](O)[C@H](O)[C@H]1O,0
O=c1cc(/C=N\c2ccccc2O)c2c(OCc3ccccc3)cc(OCc3ccccc3)cc2o1,1
O=C(/C=C/c1ccc(O)c(O)c1)O[C@H](Cc1ccc(O)c(O)c1)C(=O)NCCN1CCCCC1,1
Oc1cccc(/N=C/C=C/c2ccccc2)c1,0
Oc1cc(O)c2c(c1)O[C@H](c1ccc(O)c(O)c1)[C@@H](O)C2,1
O=C1/C(=C/c2ccc(O)cc2O)CC/C1=C\c1ccc(O)cc1O,1
O=C(O[C@@H]1[C@@H](O)[C@H](O)[C@@H](CO)O[C@H]1c1c(O)cc2oc3cc(O)c(O)cc3c(=O)c2c1O)c1ccccc1,1
Oc1ccc(-c2cc3c(Br)ccc(O)c3o2)cc1O,1
O=C(/C=C/c1ccc(O)c2oc(-c3ccc(O)c(O)c3)cc12)Nc1ccc(Cl)cc1,1
COc1cc(/C=C/C(=O)OCC2CCN(Cc3ccc(N4CCOCC4)cc3)CC2)ccc1O,1
O=C(/C=C/c1ccc(O)cc1)NC1CCN(Cc2ccccc2)CC1,0
CC(C)(C)NC(=O)/C=C/c1ccc(O)c2oc(-c3ccc(O)c(O)c3)cc12,1
O=C(c1ccccc1)N1CCN(C(=O)c2ccc(/C=C/c3ccc(O)c(O)c3)cc2)CC1,0
O=c1cc(-c2ccc(OCCCN3CCOCC3)cc2)oc2cc(O)c(O)c(O)c12,0
Cc1c(/N=C/c2ccc(O)cc2O)c(=O)n(-c2ccccc2)n1C,1
COc1cc(CCc2cc(OC)c(O)c(OC)c2)ccc1O,1
O=C(/C=C/c1ccc(O)c(O)c1)Nc1ccc2ccccc2c1,1
O=C(CCc1nc2ccccc2c(=O)[nH]1)N/N=C/c1ccc(O)cc1,0
COc1ccc(O)c(/C=C/C(=O)/C=C/c2ccc(C)c(C)c2)c1,0
COc1cc(CCC(=O)/C=C/c2ccc(O)c(O)c2)ccc1O,1
CN(C)Cc1cc(/C=C/C(=O)/C=C/c2ccc(O)c(CN(C)C)c2)ccc1O,1
Oc1cc(O)cc(/C=C/c2ccc(O)c(O)c2)c1,1
COc1cc(CNCCCCN2C(=O)c3cccc4cccc(c34)C2=O)ccc1O,1
COc1cc(CNCCCCCCCN2C(=O)c3cccc4cccc(c34)C2=O)ccc1O,1
CC(C)(C)c1ccc(O)c(NC(=O)/C=C/c2ccc(O)c(O)c2)c1,1
CC(C)C[C@H](NC(=O)[C@H](Cc1cnc[nH]1)NC(=O)[C@@H](N)Cc1ccc(O)cc1)C(=O)O,0
COc1cc(CN(Cc2ccc(O)c(OC)c2)c2ccc(N(Cc3ccc(O)c(OC)c3)Cc3ccc(O)c(OC)c3)cc2)ccc1O,1
CCN(CC)CCCNC(=O)[C@@H](Cc1ccc(O)c(O)c1)OC(=O)/C=C/c1ccc(O)c(O)c1,1
COC(=O)C[C@@H]1c2cc(O)c(O)cc2Oc2cc(O)c3c(c21)O[C@H](c1ccc(O)c(O)c1)[C@H](O)C3,1
CCCCN1CCN(Cc2c(O)c(O)c(O)c3c(=O)cc(-c4ccc(O)cc4)oc23)CC1,1
COc1ccc(CC(=O)c2ccc(O)c(O)c2)cc1,1
Cc1cc(O)c(C(C)C)cc1/N=C/c1ccc(Cl)cc1,1
O=C(CCNc1ccc(O)c([N+](=O)[O-])c1)N1c2ccccc2C=Cc2ccccc21,0
Oc1ccc(O)c(/C=N/c2ccc(OCc3ccccc3)cc2)c1,1
COC(=O)C1OC(=O)c2cc(O)c(O)c3oc(=O)c(CC(=O)O)c1c23,1
C[C@H]1OC(=O)[C@@H](O)[C@@H]1OC(=O)/C=C/c1ccc(O)c(O)c1,0
C/C=C/c1cc2c(c(=O)o1)-c1c(O)c(O)c(OC)c(C(=O)O)c1CO2,1
Cc1c(-c2ccccc2O)oc2ccccc2c1=O,0
O=C(/C=C/c1ccc(O)c(O)c1)CCc1ccccc1,1
O=C(/C=C/c1ccc(C(=O)Nc2nnc(-c3ccc(O)c(O)c3)s2)cc1)c1ccc(Br)cc1,1
C=CCc1cccc(Oc2cc(CC=C)cc(O)c2O)c1,0
Cc1cc(/N=C/c2ccccc2)c(C(C)C)cc1O,1
O=C(/C=C/c1ccc(O)c(O)c1)CCc1cccc(Cl)c1,1
COc1ccc2c(c1)O[C@H]1c3ccc(O)cc3OC[C@@H]21,0
COc1cc(CNC2=CC(=O)C=C(C[C@]3(C)[C@@H](C)CC[C@]4(C)C(C)=CCC[C@@H]34)C2=O)ccc1O,1
O=C(/C=C/c1ccc(O)cc1)O[C@@H]1Cc2c(O)cc(O)cc2O[C@@H]1c1cc(O)c(O)c(O)c1,1
O=C(O[C@H]1[C@H](O)[C@@H](CO)OC[C@@H]1OC(=O)c1cc(O)c(O)c(O)c1)c1cc(O)c(O)c(O)c1,1
Oc1cc(O)cc(Oc2c(O)cc(O)c3c2Oc2c(O)cc(O)c(-c4c(O)cc(O)c5c4Oc4c(O)cc(O)c(Oc6cc(O)cc(O)c6)c4O5)c2O3)c1,1
COc1ccc(O)cc1-c1nc2cc(O)ccc2[nH]1,1
O=C(OC[C@H]1O[C@@H](Oc2c(O)cc(O)cc2O)[C@H](O)[C@@H](O)[C@@H]1O)c1cc(O)c(O)c(O)c1,1
CC(=O)O[C@@H]1[C@@H](O)[C@@H](O)[C@H](Oc2c(-c3cc(O)c(O)c(O)c3)oc3cc(O)cc(O)c3c2=O)O[C@H]1C,1
CCOC(=O)C1(OCC)CC(=O)c2oc(=O)c3cc(O)c(O)c(O)c3c21,1
CC[C@@H](C)[C@]12Oc3cc(C4=C(O)C(=O)C(c5ccc(O)cc5)=C(O)C4=O)ccc3O[N@+]1([O-])C(O)=C([C@@H](C)CC)N(O)C2=O,1
COCO[C@H]1[C@H](O)[C@@H](O[C@@H]2O[C@H](C)[C@@H](O)[C@H](O)[C@H]2O)[C@H](Oc2cc(O)c3c(c2)O[C@@H](c2ccc(O)cc2)CC3=O)O[C@@H]1CO,1
C=C1CCC[C@H]2[C@](C)(CC3=CC(=O)C(Nc4ccc(O)c(C[C@]5(C)[C@@H](C)CC[C@@]6(C)C(=C)CCC[C@@H]56)c4)=CC3=O)[C@@H](C)CC[C@@]12C,1
O=C(/C=C/c1ccc(O)cc1)NCCc1c[nH]c2ccc(O)cc12,1
CC(C)=CCc1c(O)cc([C@@H](Oc2ccc(/C=C/c3cc(O)c4c(c3)OC(C)(C)CC4)cc2)[C@@H](C)c2ccc(O)cc2)cc1O,0
O=c1cc(-c2ccccc2)oc2cc(OCCCCNc3nc4c(F)cc(F)cc4s3)cc(O)c12,1
COc1cc(/C=C/C(=O)OCC2CCN(Cc3ccccc3)CC2)ccc1O,1
O=c1oc2ccc(O)cc2cc1-c1ccccc1O,1
Oc1c(I)cc(Cl)c2cccnc12,1
CCCCCCCCCCNC(=O)c1ccc(/C=C/c2ccc(O)c(O)c2)cc1,1
COc1cc(CC[C@H](O)C[C@@H](O)CCc2cc(OC)c(O)c(OC)c2)ccc1O,1
CC(=O)/C=C(O)/C(=C\c1ccc(O)c(O)c1)c1c(O)cc(/C=C/c2ccc(O)c(O)c2)oc1=O,1
Cl.O=C(NCC1CCN(Cc2ccccc2)CC1)c1c(O)c2cc(O)c(O)cc2n(Cc2ccccc2)c1=O,1
CCCCC[C@H](O)CC(=O)CCc1ccc(O)c(OC)c1,1
O=C(O[C@@H]1[C@@H](O)[C@H](O)[C@@H](CO)O[C@H]1c1c(O)cc2oc3cc(O)c(O)cc3c(=O)c2c1O)c1ccc(O)cc1,1
C/C=C(/C)C(=O)OCc1c(C(C)=O)c(O)c(OC)c2c1[C@@H](C)[C@@H](O)C=C2,0
OC[C@H]1O[C@@H](O[C@H]2[C@H]3c4c(O)cc(O)cc4O[C@]2(c2ccc(O)c(O)c2)Oc2cc(O)c4c(c23)O[C@H](c2ccc(O)c(O)c2)[C@H](O)C4)[C@H](O)[C@@H](O)[C@H]1O,1
CC(C)(C)c1ccc(/C=C/C(=O)c2ccccc2O)cc1,0
COc1cc(/C=C/C(=O)/C(CC(=O)O)=C(O)/C=C/c2ccc(O)c(OC)c2)ccc1O,1
O=C(/C=C/c1ccc(O)c(O)c1)O[C@H]1[C@H](OC[C@H]2O[C@@H](Oc3cc4c(cc3O)C[C@@H](C(=O)O)N4C(=O)/C=C/c3ccc(O)cc3)[C@H](O)[C@@H](O)[C@@H]2O)O[C@H](CO)[C@@H](O)[C@@H]1O,1
N[C@@H](CCC(=O)NNc1ccccc1O)C(=O)O,1
Oc1cc(O)c2c(c1)O[C@@]1(c3ccc(O)c(O)c3)Oc3cc(O)c4c(c3[C@@H]2[C@H]1O)O[C@H](c1ccc(O)c(O)c1)[C@H](O)C4,1
CCCCc1oc2ccc(/N=C/c3ccc(O)cc3O)cc2c1C(=O)c1ccc(OC)cc1,1
Cc1c(C)c2c(c(C)c1O)CCC(C)(C(=O)NCCCCNc1c3c(nc4ccccc14)CCCC3)O2,1
CC[C@@H](C)[C@]12Oc3cc(-c4c(O)c(O)c(-c5ccc(O)cc5)c(OC(C)=O)c4OC(C)=O)ccc3O[N@+]1([O-])C(O)=C([C@@H](C)CC)N(O)C2=O,1
CCOC(=O)Cc1c2c3c(cc(O)c(O)c3oc1=O)C(=O)OC2,1
COc1ccc(/C=C/C(=O)NCC(O)c2ccc(O)cc2)cc1O,1
O=C(C1=C(O)/C(=C/c2ccc(O)c(O)c2)CCC1)c1ccccc1,1
COc1cc(OC)cc(-c2c3c(n4c2-c2cc(OC)c(OC)c(O)c2CC4)COc2cc(OC(C)=O)c(OC)cc2-3)c1,0
O=c1[nH]nc(C2CC2)n1/N=C/c1ccc(O)c(O)c1,1
O=c1oc2cc(O)cc(O)c2cc1-c1cc(Br)cs1,1
O=C(O)CCc1nc(O)c2ccccc2n1,0
C=CC(C)(C)c1c(O)cc2oc3c(CC=C(C)C)c(O)c(O)cc3c(=O)c2c1O,1
Oc1cc(/C=N/NC(=[Se])Nc2cccc3ccccc23)cc(O)c1O,1
O=S(=O)(/C=C/c1ccc(O)c(O)c1)Cc1ccc(C(F)(F)F)cc1,1
COc1cc(/C=C/C(=O)N2c3cc(O[C@@H]4O[C@H](CO[C@@H]5O[C@H](CO)[C@@H](O)[C@H](O)[C@H]5OC(=O)/C=C/c5ccc(O)c(O)c5)[C@@H](O)[C@H](O)[C@H]4O)c(O)cc3C[C@H]2C(=O)O)ccc1O,1
O=C(/C=C/c1ccc(O)c(O)c1)N[C@@H](Cc1ccccc1)C(=O)C(=O)NCc1ccccc1,1
COc1cc(/C=C/C=C/C(=O)CCc2ccc(O)cc2)ccc1O,0
CCCCCCCCCCCCS(=O)(=O)/C=C/c1ccc(O)c(O)c1,1
COC(=O)c1cc(O)c(O)c(O)c1,1
COc1cc(/C=C/C(=O)/C=C/c2cc(OC)c(O)c(OC)c2)ccc1O,1
CCC(C)C(=O)OC[C@H]1O[C@@H](Oc2cc3oc(-c4ccc(O)c(O)c4)c(O)c(=O)c3c(O)c2OC)[C@H](O)[C@@H](O)[C@@H]1O,1
CN(C)CCN(CC1CCCN(C2Cc3ccccc3C2)C1)C(=O)/C=C/c1ccc(O)cc1,1
COc1cc(C[C@@H]2C(=O)OC[C@H]2Cc2ccc(O[C@@H]3O[C@H](CO)[C@@H](O)[C@H](O)[C@H]3O)c(OC)c2)ccc1O,0
CCCCCCCCCCCCOc1cc2oc(-c3ccccc3)cc(=O)c2c(O)c1O,1
CS(=O)(=O)[O-].O=C(Cc1ccc(O)c(O)c1)NCCCCCCCCCC[P+](c1ccccc1)(c1ccccc1)c1ccccc1,1
O=C(O)[C@H]1O[C@@H](Oc2c(-c3ccc(O)c(O)c3)oc3cc(O)cc(O)c3c2=O)[C@H](O)[C@@H](O)[C@@H]1O,1
Oc1ccc([C@H]2Oc3ccc(/C=C/c4cc(O)cc(O)c4)cc3[C@@H]2c2cc(O)cc(O)c2)cc1,1
COc1ccccc1Nc1nnc(CSCc2cc(C(C)(C)C)c(O)c(C(C)(C)C)c2)s1,1
O=C(/C=C/c1ccc(O)c(O)c1)/C=C/c1ccccc1O,1
COc1cc(CCCc2c(OC)cc(O)c(OC)c2OC)ccc1O,1
COCCCNC(=C\C(=O)/C=C/c1ccc(O)c(OC)c1)/C=C/c1ccc(O)c(OC)c1,1
COc1cc(/C=N/NC(=S)N[C@@H]2O[C@H](COC(C)=O)[C@H](OC(C)=O)[C@H](OC(C)=O)[C@H]2OC(C)=O)ccc1O,1
O=C(O)/C=C/c1ccc(O)cc1,0
O=C(O[C@@H]1O[C@@H]2COC(=O)c3cc(O)c(O)c(O)c3-c3c(cc(O)c(O)c3O)C(=O)O[C@H]([C@H]1O)[C@@H]2O)c1cc(O)c(O)c(O)c1,1
Cc1ccccc1C(=O)/C=C/c1ccc(C(=O)Nc2nnc(-c3ccc(O)c(O)c3)s2)cc1,1
COc1cc(O[C@@H]2O[C@H](CO)[C@@H](O)[C@H](O)[C@H]2O)c(CC=C(C)C)c2c1C(=O)C[C@@H](c1ccc(O)cc1)O2,1
CC(C)(C)c1cc(/C=C/C(=O)NCCC2CCN(Cc3ccccc3Cl)CC2)cc(C(C)(C)C)c1O,1
COc1cc(CCc2ccccc2O)cc(OC)c1O,0
O=C(OC[C@H]1O[C@@H](OC(=O)c2cc(O)c(O)c(O)c2)[C@H](O)[C@@H](OC(=O)c2cc(O)c(O)c(O)c2)[C@@H]1O)c1cc(O)c(O)c(O)c1,1
COC(=O)c1cc(O)c(O)c(O[C@@H]2O[C@H](CO)[C@@H](O)[C@H](O)[C@H]2O)c1,1
Oc1ccc(/C=N/c2ccc(OCc3ccccc3)cc2)c(O)c1O,1
O=C(/C=C/c1ccc(O)c2oc(-c3ccc(O)c(O)c3)cc12)Nc1ccccc1,1
CCOC(=O)[C@H](CC(C)C)NC(=O)/C=C/c1ccc(O)c(OC)c1,1
CCOc1ccc(-c2cc(-c3ccccc3O)nc(=S)[nH]2)cc1OC,0
CN1CC(O)(c2ccc(-c3cc(C(C)(C)C)c(O)c(C(C)(C)C)c3)cc2)Sc2ccccc21,1
COc1cc([C@H]2OC[C@H]3[C@@H]2CO[C@H]3c2ccc(OC)c(OC)c2)ccc1O,1
COc1cc(C2/C(=C\c3ccc(O)c(O)c3)C(=O)c3cccn32)ccc1O,1
CC1=CCC[C@H]2[C@](C)(Cc3cc(O)cc(Sc4cccc(C(=O)O)c4)c3O)[C@@H](C)CC[C@]12C,1
Cc1ccc(O)c(NC(=O)/C=C/c2ccc(O)c(O)c2)c1,1
O=C(O[C@@H]1Cc2c(O)cc(O)cc2O[C@@H]1c1ccc(O)cc1)c1cc(O)c(O)c(O)c1,1
CCCc1ccc(/C=N/c2cc(C(C)(C)C)c(O)cc2C)cc1,1
COc1cc([C@H](O)[C@@H](CO)Oc2ccc(/C=C/CO)cc2OC)ccc1O,1
N[C@@H](CCC(=O)NNc1cc(O)cc(O)c1)C(=O)O,0
CC(C)NC(=O)/C=C/c1ccc(O)c2oc(-c3ccc(O)c(O)c3)cc12,1
O=C(O)c1ccccc1O,0
COc1cc(/C=C/C(=O)OC[C@H]2O[C@@](CO)(O[C@H]3O[C@H](CO)[C@@H](OC(=O)/C=C/c4ccc(O)c(OC)c4)[C@H](O)[C@H]3O)[C@@H](OC(=O)/C=C/c3ccc(O)c(OC)c3)[C@@H]2O)ccc1O,1
O=c1cc(-c2ccccc2)oc2cc(OCCCCNc3nc4ccc(Cl)cc4s3)cc(O)c12,1
Nc1ccc2c(C(F)(F)F)cc(=O)oc2c1O,0
COc1cc2oc(-c3ccccc3)cc(=O)c2c(O)c1O,1
O=C(OCCc1ccccc1O)c1cc(O)c(O)c(O)c1,1
COc1cc(/C=N/NC(=O)CCCc2nc3ccccc3c(=O)[nH]2)cc(OC)c1O,0
C/C=C/c1ccc2oc(-c3ccc(O)cc3OC)cc2c1,1
C=C1CCC[C@H]2[C@](C)(CC3=CC(=O)C=C(Nc4ccc(O)c(C[C@]5(C)[C@@H](C)CC[C@@]6(C)C(=C)CCC[C@@H]56)c4)C3=O)[C@@H](C)CC[C@@]12C,1
COc1ccc2[nH]c(-c3ccc(O)cc3O)nc2c1,0
Oc1ccc(Cc2ccccc2Cl)cc1O,0
Oc1ccc(/C=C/c2ccccc2/C=C/c2ccc(O)cc2)cc1,1
CCCCCCCC/C=C\CCCCCCCc1c(C)c(O)cc2c1[nH]c1ccccc12,1
O=C(O)CCc1ccc(O)c(O)c1,1
COc1c(O)cc(CCc2ccccc2)cc1O,0
COc1cc(C(=O)O[C@@H]2O[C@@H]3COC(=O)c4cc(O)c(O)c(O)c4-c4c(cc(O)c(O)c4O)C(=O)O[C@H]3[C@H](OC(=O)c3cc(O)c(O)c(O)c3)[C@H]2O)cc(O)c1O,1
O=C(c1ccc(O)c(O)c1)c1c(O)cc(O)cc1O,1
Oc1cc(O)c2c(=S)cc(-c3ccccc3)oc2c1,0
COCc1cc(O)ccc1O,1
O=C(/C=C/c1ccccc1O)NCCC1CCN(Cc2ccccc2)CC1,0
O=C(/C=C/c1ccc(O)c2oc(-c3ccc(O)c(O)c3)cc12)Nc1ccc(O)cc1,1
C/C=C1/[C@H](O[C@@H]2O[C@H](CO)[C@@H](O)[C@H](O)[C@H]2O)OC=C(C(=O)OC)[C@H]1CC(=O)OCCc1ccc(O)c(O)c1,1
Oc1ccc(/C=N/NC(=S)Nc2ccccc2)cc1O,1
O=C(/C=C/c1ccc(O)cc1)CC(=O)/C=C/c1cccc(O)c1O,1
CN(C)CCN(CC1CCCN(C2Cc3ccccc3C2)C1)C(=O)c1ccc(O)cc1O,0
CC(C)(C)c1cc(/C=C/C(=O)NCCC2CCN(Cc3ccc(F)cc3)CC2)cc(C(C)(C)C)c1O,1
Cc1c(C)c2c(c(C)c1O)CCC(C)(C(=O)NCCNc1c3c(nc4ccccc14)CCCC3)O2,1
COc1ccc(CCNC(=O)C(=O)[C@H](Cc2ccccc2)NC(=O)c2oc3cc(O)c(O)cc3c(=O)c2C)cc1,1
O=C(NCCc1c[nH]c2ccc(O)cc12)c1ccccc1Nc1ccccc1,1
CN(CCCCCCCCOc1cc(O)c2c(=O)c3ccccc3oc2c1)Cc1cccc(O)c1,0
OCc1cc(O)c(Cc2cc(O)ccc2O)c(Cl)c1O,1
O=C(OCCc1ccc(O)cc1)c1cc(O)c(O)c(O)c1,1
CCCCCCCCCCCCCCCCCCOC(=O)/C=C/c1ccc(O)c(OC)c1,0
O=c1cc(O)c2ccc3c(c2o1)[C@@H](O)[C@@H](O)C1(O3)C2CC3CC(C2)CC1C3,0
O=C(O)c1cc(O)c(O)cc1-c1cc2ccccc2oc1=O,1
Cc1cc(O)c(C(C)(C)C)cc1/N=C/c1cc(Br)cc(Br)c1O,1
Cc1cc(O)c2c(c1O)[C@H](O)[C@H]1C[C@@H](O)CC[C@@H]1C2=O,1
COc1cc(/C=N/c2cc(C)c(O)cc2C(C)C)cc(OC)c1OC,1
O=c1c(-c2ccc(O)c(O)c2)coc2cc(O)ccc12,1
Oc1ccc(/N=C/c2ccccc2O)cc1,0
CC1=CC(=O)[C@H](c2c(O)cc(/C=C/c3ccc(O)c(O)c3)oc2=O)[C@@H](c2ccc(O)c(O)c2)O1,1
CC(C)(C)c1cc(CSCC(=O)O)cc(C(C)(C)C)c1O,1
O=C(O)c1ccc2nc(NCCCCOc3cc(O)c4c(=O)cc(-c5ccccc5)oc4c3)sc2c1,1
COc1cc(O)c2c(=O)c(O)c(-c3ccc(O)c(O)c3)oc2c1OC(C)=O,1
Cc1ccc(C(=O)Nc2nnc(-c3ccc(O)c(O)c3)s2)cc1,1
CNC(=O)CCc1ccc(O)c2oc(-c3ccc(O)c(O)c3)cc12,1
COc1ccc(/C=C/C(=O)c2c(O)c3ccccc3oc2=O)cc1,1
CCOc1ccc2c(c1)OC/C(=C\c1ccc(O)c(O)c1)C2=O,1
COc1cc(CNC2=CC(=O)C(C[C@]3(C)[C@@H](C)CC[C@]4(C)C(C)=CCC[C@@H]34)=CC2=O)ccc1O,1
COc1cc(CNc2ccc(Nc3c4c(nc5ccccc35)CCCC4)cc2)ccc1O,1
Cc1ccc(C(C)C)cc1O,0
O=C(O)c1ccc(O)cc1,0
COc1ccc(/C=C/C(=O)NCCC2CCN(Cc3ccccc3)CC2)cc1O,0
CCCCOc1cc2oc(-c3ccccc3)cc(=O)c2c(O)c1O,1
O=Cc1ccccc1O,0
Cc1n[nH]c(=O)n1/N=C/c1ccc(O)c(O)c1,1
COc1cc(O)cc2c1C(=O)[C@H](O[C@@H]1O[C@H](C)[C@@H](O)[C@H](O)[C@@H]1O)[C@@H](c1cc(O)c(OC)c(O)c1)O2,1
COC(=O)[C@H](CCSC)NC(=O)Cc1ccc(O)c(O)c1,1
COc1cc(/C=C/C(=O)/C=C(/C=C/c2ccc(O)c(OC)c2)NCCO)ccc1O,1
C=C(C)C(O)CC/C(C)=C/Cc1c(O)cc2c(c1O)C(=O)C[C@@H](c1ccc(O)c(O)c1)O2,1
Oc1ccc2c(c1)OC[C@H]1c3cc4c(cc3O[C@@H]21)OCO4,1
CCCCC(=O)OCCc1ccc(O)c(O)c1,1
CCCCCCCS(=O)(=O)/C=C/c1ccc(O)c(O)c1,1
O=C(Nc1nnc(-c2ccc(O)c(O)c2)s1)c1ccc(/C=C/C(=O)c2ccccc2F)cc1,1
O=S(=O)(/C=C/c1ccc(O)c(O)c1)CCCCCCCCCO,1
CN(C)Cc1cc(/C=C2\CC/C(=C\c3ccc(O)c(CN(C)C)c3)C2=O)ccc1O,1
CC1(c2cc(O)ccc2O)NNC(=O)CO1,1
C/C(=C\c1c(C)c(O)cc2c1[nH]c1c(O)ccc(C=O)c12)CCC(C)C,1
COc1cc(/C=N/NC(=O)c2nn(-c3ccc(C(F)(F)F)cc3)c(-c3ccc(Cl)cc3)c2C)ccc1O,0
Cc1cc(O)c(C(C)C)cc1/N=C/c1cccnc1,0
O=C(Cc1ccc(O)cc1)c1c(O)cc(O)cc1O,1
COc1cc(/C=C/C(=O)c2cc3ccc(O)cc3oc2=O)cc(OC)c1OC,0
COCc1cc(O)cc(Cl)c1O,1
O=C(/C=C/c1ccc(O)c(O)c1)O[C@@H]1C[C@](O)(C(=O)O)C[C@@H](O)[C@H]1OC(=O)c1cc(O)c(O)c(O)c1,1
Oc1cc(-c2cc3c(Br)ccc(O)c3o2)c(Br)c(O)c1O,1
COc1cc(/C=C/C(=O)OC[C@H]2Oc3c(c(OC)cc4ccc(=O)oc34)O[C@@H]2c2ccc(O)c(OC)c2)ccc1O,0
CCN(CC)CCOc1cc(O)cc2oc(-c3cc(O)c(O)c(O)c3)c(OC)c(=O)c12.Cl,1
CCO[C@H](c1ccc(O[C@@H](CO)[C@@H](OC)c2ccc(O)c(OC)c2)c(OC)c1)[C@H](CO)c1ccc(O)c(OC)c1,1
CC(C)c1ccc(-c2oc3ccccc3c(=O)c2O)cc1,0
CCCOC(=O)c1cc(O)c(O)c(O)c1,1
COc1cc(/C=C/c2cc(O)c([C@H]3C(=O)C=C(C)O[C@@H]3c3ccc(O)c(O)c3)c(=O)o2)ccc1O,1
O=C1/C(=C/c2ccc(Cl)cc2)Oc2cc(O)ccc21,0
CCOC(=O)CCc1ccc(O)c(O)c1,0
COc1c(O[C@@H]2O[C@H](COC(=O)C(C)C)[C@@H](O)[C@H](O)[C@H]2O)cc2oc(-c3ccc(O)c(O)c3)c(O)c(=O)c2c1O,1
COc1cc(C)c(Oc2cc(C)cc(O)c2O)c(O)c1,1
COc1c(O)cc2oc(-c3ccc(O)c(O)c3)c(O)c(=O)c2c1O,1
COc1cc(O)c2c(=O)c(O)c(-c3cc(O)c(O)c(O)c3)oc2c1OC(C)=O,1
C/C(=N/NC(=O)c1cc2ccc(O)cc2oc1=N)c1nc(-c2ccccc2)[nH]c1C,0
O=C(/C=C/c1cc(O)ccc1O)CCc1ccccc1,1
O=C(/C=C/c1ccc(O)c(O)c1)CC(=O)/C=C/c1cc(O)ccc1O,1
CCC(c1ccc(O)c(OC)c1)c1cccc(C(C)C)c1O,1
CC(=O)OC[C@H]1O[C@@H](NC(=S)N/N=C/c2ccc(O)cc2)[C@H](OC(C)=O)[C@@H](OC(C)=O)[C@H]1OC(C)=O,0
OC[C@H]1O[C@@H](Oc2c(O)cc(O)cc2/C=C/c2ccc(O)cc2)[C@H](O)[C@@H](O)[C@@H]1O,0
O=C(/C=C/C=C/c1ccc(O)cc1)c1ccccc1,1
CC(C)(C)c1cc(CCC(=O)NC2CCN(Cc3ccccc3)CC2)cc(C(C)(C)C)c1O,1
COc1cc([C@@H]2Oc3cc(OC)c(O)c(OC)c3C(=O)[C@@H]2O)ccc1O,1
O=c1cc(-c2ccc(O)cc2)oc2cc(O[C@@H]3O[C@H](CO)[C@H](O)[C@H](O)[C@H]3O)c(O)c(O)c12,1
Cc1cc(=O)oc2c(O)c(O)ccc12,0
O=C(/C=C/c1ccc(O)c(O)c1)O[C@H](Cc1ccc(O)c(O)c1)C(=O)NCCc1ccccc1,1
COc1cc(C2Oc3cc(-c4oc5cc(O)cc(O)c5c(=O)c4O)ccc3OC2CO)ccc1O,1
COc1cc(CNCCCCCCN2C(=O)c3ccccc3C2=O)ccc1O,1
COc1cc(/C=C/C(=O)NCCc2cc(C(C)(C)C)c(O)c(C(C)(C)C)c2)cc(OC)c1O,1
CC1=NC(=S)N(n2c(CCl)nc3ccccc3c2=O)C(=O)C1/N=N/c1ccc(O)c(O)c1,1
COc1cc([C@H]2Oc3cc([C@H]4Oc5cc(O)cc(O)c5C(=O)[C@@H]4O)ccc3O[C@@H]2COC(=O)CCCCCCCCCCC(=O)OC[C@H](O)[C@H]2OC(=O)C(O)=C2O)ccc1O,1
O=C(/C=C/c1ccc(O)c(O)c1)O[C@@H]1C=C[C@@](O)(C(=O)O)C[C@H]1O,1
CC(C)(C)c1cc(/C=C/C(=O)NCCC2CCN(Cc3ccc(F)c(F)c3)CC2)cc(C(C)(C)C)c1O,1
CCN(CC)C(=O)COc1ccc(-c2cc(=O)c3c(O)c(O)c(O)cc3o2)cc1,1
Oc1ccc(/C=N/NC(=[Se])Nc2cccc3ccccc23)cc1,1
CN(C)CCN(CC1CCCN(C2Cc3ccccc3C2)C1)C(=O)c1ccc(O)cc1,0
Cc1cc(O)c(C)c(O)c1C,1
COc1cc(/C=N/NC(=O)OCc2ccccc2)c(O)cc1O,1
Oc1cc(Br)c(Cc2ccc(O)c(Br)c2)cc1O,1
CCOC(=O)/C=C/c1cc(O)c2oc(-c3cc(O)c(O)c(O)c3)cc2c1,1
COc1ccc([C@@H]2CC(=O)c3c(OC)cc(O[C@@H]4O[C@H](C)[C@@H](O)[C@H](O)[C@@H]4O)cc3O2)cc1O,1
COc1ccc(/C=N/c2ccccc2O)cc1O,1
CCC1=C(O)C(=O)c2c(O)c(O)c(O)c(O)c2C1=O,1
O=C(/C=C/c1cccc(O)c1O)c1cc(O)ccc1O,1
Cc1cc(/N=C/c2ccc3c(c2)OCO3)c(C(C)C)cc1O,1
O=c1oc2c(O)c(O)cc3c(=O)oc4c(O)c(O)cc1c4c23,1
CC(C)c1cc2c(c(O)c1O)[C@@]13CCCC(C)(C)[C@@H]1C[C@@H]2OC3=O,0
COC(=O)/C(=C\c1ccc(O)c(O)c1)c1c(O)cc(/C=C/c2ccc(O)c(O)c2)oc1=O,1
Cc1ccc(C(=O)/C=C/c2ccc(C(=O)Nc3nnc(-c4ccc(O)c(O)c4)s3)cc2)cc1,1
CCC(c1ccc(O)c(OC)c1)c1cccc(O)c1O,1
COc1cc(/C=N/c2cc(C(C)C)c(O)cc2C)cc(OC)c1,1
O=C(O)c1cc(O)c(O)cc1-c1cc2ccc(O)cc2oc1=O,1
COc1cc(C(O)C(CO)Oc2c(OC)cc([C@@H]3Oc4c(OC)cc(/C=C/C=O)cc4[C@H]3CO)cc2OC)ccc1O,0
O=c1cc(-c2ccc(O)c(O)c2)oc2cc(O[C@@H]3O[C@H](CO)[C@@H](O)[C@H](O[C@@H]4O[C@H](CO)[C@@H](O)[C@H](O)[C@H]4O)[C@H]3O)c(O)c(O)c12,1
COc1cc2c(cc1O)CCC(C)(CC(=O)NCCCCCCCCNc1c3c(nc4ccccc14)CCCC3)O2,1
C/C(=C/O[C@@H]1O[C@H](COC(=O)c2cc(O)c(O)c(O)c2)[C@@H](O)[C@H](O)[C@H]1O)C(=O)O,1
C=C(C)C1CC2(CC=C(C)C)CC(=O)C(C(O)=C(C(=O)c3ccc(O)c(O)c3)C2=O)C1(C)C,1
CCOC(c1ccc(O)c(OC)c1)C(O)CO,0
COc1cc(/C=C/C(=O)O[C@H]2[C@H](OC[C@H]3O[C@@H](Oc4cc5c(cc4O)C[C@@H](C(=O)O)N5C(=O)/C=C/c4ccc(O)c(OC)c4)[C@H](O)[C@@H](O)[C@@H]3O)O[C@H](CO)[C@@H](O)[C@@H]2O)ccc1O,1
O=c1[nH]nc(-c2ccccc2)n1/N=C/c1ccc(O)c(O)c1,1
O=c1cc(-c2ccccc2)oc2cc(OCCCCNc3nc4ccc([N+](=O)[O-])cc4s3)cc(O)c12,1
COc1cc(-c2oc3c(O)cc(-c4oc5cc(O)cc(O)c5c(=O)c4O)cc3c2C)ccc1O,1
Cc1cccc2nc(-c3ccc(C(=O)N/N=C/c4cc(O)ccc4O)cc3)[nH]c12,1
Oc1ccc(/C=C/c2ccc(O)cc2)cc1,1
Oc1cc2c(c(Br)c1O)COCc1cc(O)c(O)c(Br)c1-2,1
COc1ccc(C(CC(=O)c2c(O)c3ccccc3oc2=O)c2c[nH]c3ccccc23)c(OC)c1,1
O=C(CC(c1ccccc1Cl)c1c[nH]c2ccccc12)c1c(O)c2ccccc2oc1=O,1
O=C1/C(=C/c2ccc(O)c(O)c2)Oc2cc(O[C@@H]3O[C@H](CO)[C@@H](O)[C@H](O)[C@H]3O)ccc21,1
O=C(O)[C@H]1O[C@@H](Oc2c(O)cc(O)c3c(=O)cc(-c4ccc(O)cc4)oc23)[C@H](O)[C@@H](O)[C@@H]1O,1
OC[C@H]1O[C@@H](OCCc2ccc(O)c(O)c2)[C@H](O)[C@@H](O)[C@@H]1O,1
O=c1cc(-c2ccccc2)oc2cc(O)ccc12,0
CCCC(=O)c1ccc2nc(NCCCCOc3cc(O)c4c(=O)cc(-c5ccccc5)oc4c3)sc2c1,1
CCCCCCCCCS(=O)(=O)/C=C/c1ccc(O)c(O)c1,1
COCO[C@H]1[C@H](O)[C@@H](O)[C@H](O[C@H]2[C@H](Oc3cc(O)c4c(c3)O[C@H](c3ccc(O)cc3)CC4=O)O[C@H](CO)[C@@H](O)[C@@H]2O)O[C@@H]1C,0
CCCCCCCCCCCS(=O)(=O)/C=C/c1ccc(O)c(O)c1,1
COc1cc2c(cc1O)CCC(C)(CC(=O)NCCCCCCCCCNc1c3c(nc4cc(Cl)ccc14)CCCC3)O2,1
O=C(/C=C/c1ccc(O)c(O)c1)NCCc1ccccc1,1
Oc1ccc2c(c1)Cc1c-2[nH]c2ccccc12,1
C[C@@H]1O[C@@H](OC[C@H]2O[C@@H](OCCc3ccc(O)c(O)c3)[C@H](O)[C@@H](O)[C@@H]2OC(=O)/C=C/c2ccc(O)c(O)c2)[C@H](O)[C@H](O)[C@H]1O,1
Oc1cc(Br)c(-c2cc3ccccc3o2)cc1O,1
O=C(CCNc1cccc(O)c1)N1c2ccccc2C=Cc2ccccc21,0
COCCN(CC1CCCN(C2Cc3ccccc3C2)C1)C(=O)c1ccc2cccnc2c1O,0
COc1cc(CN(CCO)Cc2ccc(O)c(OC)c2)ccc1O,1
COc1ccc(C(=O)Nc2ccc(S(=O)(=O)Nc3cc(F)c(O)c(F)c3)cc2)cc1,1
O=C(c1ccc(O)c(O)c1)c1c(Cl)c(O)c(O)c(O)c1Cl,1
Oc1ccccc1-c1cc(-c2ccc(Br)cc2)[nH]c(=S)n1,0
COc1cc([C@@H]2Oc3c(O)cc(-c4oc5cc(O)cc(O)c5c(=O)c4O)cc3[C@H]2CO)ccc1O,1
Oc1ccc(/N=C/c2c(O)ccc3ccccc23)c(O)c1,1
COc1cc(/C=N/N2C(=O)CSC2=S)cc(OC)c1O,1
COc1cc(CCCO)ccc1O[C@H](CO)[C@@H](O)c1ccc(O)cc1,0
COc1ccc(-c2cc3cc(CCCO)ccc3o2)c(O)c1,1
O=C(N/N=C/c1ccc(O)c(O)c1)OCc1ccccc1,1
CO[C@@H](c1ccc(O)cc1)[C@H](Oc1ccc(/C=C/c2cc(O)c3c(c2)OC(C)(C)CC3)cc1)c1cc(O)c(CC=C(C)C)c(O)c1,0
O=c1cc(-c2ccc(O)c(O)c2)oc2cc(O[C@@H]3O[C@H](CO)[C@@H](O)[C@H](O)[C@H]3O)cc(O)c12,1
COc1cc(O)c(C(C)=O)cc1Br,0
COc1cc(/C=N/c2c(C)n(C)n(-c3ccccc3)c2=O)ccc1O,1
CC(C)c1ccc(-c2cc(=O)c3c(O)cc(O)cc3o2)cc1,0
COc1cc(/C=N/N=c2/[nH]ncc3ccccc23)cc(Oc2cc(/C=N/N=c3/[nH]ncc4ccccc34)cc(OC)c2O)c1O.Cl.Cl,1
O=c1c(O[C@@H]2O[C@H](CO)[C@H](O)[C@H](O)[C@H]2O)c(-c2cc(O)c(O)c(O)c2)oc2cc(O)cc(O)c12,1
COc1cc(C(O)C(CO)Oc2c(OC)cc([C@@H]3OC[C@@H]4C(=O)OC[C@@H]43)cc2OC)ccc1O,1
CN(C)c1ccc(-c2oc3ccccc3c(=O)c2O)cc1,1
O=c1c(F)c(-c2cc(O)c(O)c(O)c2)oc2ccccc12,1
COC(=O)[C@@H](Cc1ccc(O)c(O)c1)NC(=O)/C=C/c1ccc(O)c2oc(-c3ccc(O)c(O)c3)cc12,1
O=S(=O)(/C=C/c1ccc(O)c(O)c1)NCc1ccccc1,1
C[C@@H]1O[C@@H](Oc2c(-c3cc(O)c(O)c(O)c3)oc3cc(O)cc(O)c3c2=O)[C@H](O)[C@H](O)[C@H]1O,1
COc1cc(C(=O)O)cc(OC)c1O,1
Oc1ccc(OCc2ccc(F)cc2)cc1,0
COc1ccc([C@@H]2CC(=O)c3c(cc(OC)c(CC=C(C)C)c3O)O2)c(C/C=C(\C)CCC=C(C)C)c1O,0
O=C(/C=C/c1ccc(O)c(O)c1)Nc1ccccc1Sc1ccccc1,1
COC(=O)[C@H]1CC(=O)c2oc(=O)c3cc(O)c(O)c(O)c3c21,1
CC1=CC[C@@H](C(C)(C)O[C@@H]2O[C@H](CO[C@@H]3O[C@@H](CO)[C@H](O)[C@H]3OC(=O)c3cc(O)c(O)c(O)c3)[C@@H](O)[C@H](O)[C@H]2O)CC1,1
COc1c(O)cccc1CCc1cc(O)cc(O)c1,0
O=c1cc(/C=N\c2ccccc2O)c2ccc(OCc3ccccc3)cc2o1,1
O=[N+]([O-])c1ccc(S(=O)(=O)Nc2cc(F)c(O)c(F)c2)cc1,1
CC[C@H](C)CC/C(C)=C/c1c(C)c(O)cc2c1[nH]c1c(O)ccc(C=O)c12,1
CC[C@@H](C)[C@]12Oc3cc(-c4c(O)c(O)c(-c5ccc(OC(C)=O)cc5)c(OC(C)=O)c4OC(C)=O)ccc3O[N@+]1([O-])C(O)=C([C@@H](C)CC)N(O)C2=O,1
COc1ccc(CCC(=O)/C=C/c2ccc(O)c(O)c2)cc1OC,1
Cc1c(O)cc2c([nH]c3ccccc32)c1CC(C)O,1
O=C1C[C@H](c2ccc(O)c(O)c2)c2c(cc(O)c3c2O[C@H](c2ccc(O)c(O)c2)[C@H](O)C3)O1,1
CCN(C)C(=O)Oc1cccc(CNC(=O)c2cc(O)c(O)c(O)c2)c1,1
O=C(/C=C/c1cc(O)ccc1O)/C=C/c1cccc(O)c1O,1
CC1(C)CCC[C@@]2(C)C1=C(O)C(=O)c1c(O)c3c(c(O)c12)O[C@@H](CO)C3,1
Oc1ccc(/C=C/c2cc(O)cc(O)c2O)cc1,0
O=C(NCC1CCCN(C2Cc3ccccc3C2)C1)c1cc([N+](=O)[O-])c2cccnc2c1O,0
Cc1ccc(/C=N/c2cc(C(C)(C)C)c(O)cc2C)cc1,1
O=c1cc(-c2ccccc2)oc2cc(OCCCCNNc3nc4ccccc4s3)cc(O)c12,1
Oc1cc2c(cc1O)-c1c(cc(Br)c(O)c1O)CC2,1
COc1cc(O)c2c(=O)c(O[C@@H]3O[C@@H](C)[C@H](O)[C@@H](O)[C@H]3O)c(-c3ccc(O)c(O)c3)oc2c1O[C@@H]1O[C@H](CO)[C@@H](O)[C@H](O)[C@H]1O,1
Cc1ccc2[nH]c(=O)c(/C=N/c3ccc(O)cc3)cc2c1,1
COc1cc(COc2cc(O)cc(O)c2)cc(OC)c1,0
Cc1ccc(CNS(=O)(=O)/C=C/c2ccc(O)c(O)c2)cc1,1
COc1cc([C@H]2Oc3c(OC)cc4ccc(=O)oc4c3O[C@@H]2COC(=O)/C=C/c2ccc(O)cc2)ccc1O,0
O=C(/C=C/c1ccc(O)c(O)c1)O[C@H]1[C@@H]2C=CO[C@@H](O[C@H]3O[C@@H](CO)[C@H](O)[C@@H](O)[C@@H]3O)[C@@H]2[C@](O)(CO)[C@@H]1Cl,1
O=C(CCc1ccc(O)c(O)c1)NCCc1ccc(O)cc1,1
Cc1cccc2nc(-c3ccc(C(=O)N/N=C/c4ccccc4O)cc3)[nH]c12,1
CC(C)c1cc2c(c(O)c1O)[C@]13CCC[C@](C)([C@H](O)OC1=O)[C@@H]3CC2,1
COc1ccc(-c2oc3ccccc3c(=O)c2O)cc1,0
Cc1cccc(C(=O)/C=C/c2ccc(C(=O)Nc3nnc(-c4ccc(O)c(O)c4)s3)cc2)c1,1
O=C(/C=C/c1ccc(O)cc1)NCCc1ccc(O)cc1,1
Oc1ccc([C@H]2OC[C@H](O)[C@@H]2O)cc1O,0
CCCCCCCCS(=O)(=O)/C=C/c1ccc(O)c(O)c1,1
O=C(/C=C/C=C/c1ccc(O)c(O)c1)NCCCNc1c2c(nc3ccccc13)CCCC2,1
CC(C)N(Cc1c(O)c(O)c(O)c2c(=O)cc(-c3ccc(O)cc3)oc12)C(C)C,1
O=C(c1ccc(Cl)cc1)c1ccc(O)c(O)c1,0
CN(C)CCN(CC1CCCN(C2Cc3ccccc3C2)C1)C(=O)[C@@H]1N=C(c2ccccc2O)CS1,0
COc1cc(/C=C/C(O)=C/C(=O)/C=C/c2ccc(O)cc2)ccc1O,1
O=c1c(O)c(-c2ccc(O)cc2)oc2cc(O)cc(O)c12,1
C=C1CCC[C@H]2[C@](C)(Cc3cc(O)ccc3O)[C@@H](C)CC[C@@]12C,1
C=COC(=O)CCCCCCCCCCC(=O)OC[C@H]1Oc2ccc([C@H]3Oc4cc(O)cc(O)c4C(=O)[C@@H]3O)cc2O[C@@H]1c1ccc(O)c(OC)c1,0
COc1cc(O)c(CC=C(C)C)c(O)c1C(=O)/C=C/c1ccc(O)cc1,1
COC(=O)[C@H](Cc1ccccc1)NC(=O)/C=C/c1ccc(O)c2oc(-c3ccc(O)c(O)c3)cc12,1
COc1ccc(/C=C/C(=O)O[C@H](C(=O)O)[C@](O)(Cc2ccc(O)c(O)c2)C(=O)O)cc1O,1
C[C@@H]1O[C@@H](OC[C@H]2O[C@@H](Oc3c(-c4ccc(O)c(O)c4)oc4cc(O)cc(O)c4c3=O)[C@H](OC(=O)/C=C/c3ccc(O)cc3)[C@@H](O)[C@@H]2O)[C@H](O)[C@H](O)[C@H]1O,1
O=C(/C=C/c1ccc(O)cc1)/C=C/c1cccc(O)c1O,1
COC(=O)C1=C(C)NC(=O)NC1c1ccc(O)c(OC)c1,1
C[C@H]1O[C@@H](O[C@H]2[C@H](Oc3cc(O)c4c(c3)O[C@@H](c3ccc(O)cc3)CC4=O)O[C@H](CO)[C@@H](O)[C@@H]2O)[C@H](O)[C@@H](O)[C@@H]1O,1
CCCCc1oc2ccc(/N=C/c3ccc(O)cc3)cc2c1C(=O)c1ccc(OC)cc1,1
COc1cc(C2Oc3cc([C@H]4Oc5cc(O)cc(O)c5C(=O)[C@@H]4O)ccc3OC2COC(=O)c2cc(N)cc([N+](=O)[O-])c2)ccc1O,0
COc1cc(CCC(=O)NCCCCNC(=O)CCc2ccc(O)c(OC)c2)ccc1O,1
C=CCC(CC=C)(CC=C)c1ccc(CCCCCCCCC)cc1O,1
COc1ccc([C@H]2Oc3cc(OC)c(O)c(OC)c3C(=O)[C@@H]2O)cc1,1
CCCC/C(=C\c1ccc(O)c(O)c1)C(=O)N[C@@H](Cc1ccccc1)C(=O)C(=O)NCc1ccccc1,1
O=c1cc(O)c2ccc(O)c(O)c2o1,0
COc1c(-c2cc(O)c(O)c(O)c2)oc2cc(O)cc(OCCN3CCOCC3)c2c1=O.Cl,1
COc1ccc(OC)c(C(CC(=O)c2c(O)c3ccccc3oc2=O)c2c[nH]c3ccccc23)c1,1
COc1cccc(/C=N/c2ccccc2O)c1,1
COc1ccc(CC(=O)c2c(O)cc(O)cc2O)cc1OC,1
O=C(Cc1ccccc1)Nc1nnc(-c2ccc(O)c(O)c2)s1,1
O=C1C[C@@H](c2ccccc2)Oc2cc(O)cc(O)c21,0
CCOC(=O)CNC(=O)/C=C/c1ccc(O)c(OC)c1,1
Cl.NC(CCC(=O)O)C(=O)NNc1ccccc1O,0
O=c1cc(-c2ccccc2)oc2cc(OCCCCNc3nc4ccc(I)cc4s3)cc(O)c12,1
CN(C)C(=O)Oc1ccc(-c2cc(=O)c3c(O)c(O)c(O)cc3o2)cc1,1
O=C(c1ccc(O)cc1)[C@H]1c2cc(O)cc(O)c2[C@@H](c2ccc(O)cc2)[C@H]1c1cc(O)cc(O)c1,1
COc1cc(/C=N/NC(=O)c2nn(-c3ccc(Cl)cc3Cl)c(-c3ccc(Cl)cc3)c2C)ccc1O,0
CCC1(CC)OC(=O)[C@]2(C[C@@H](O)[C@H](O)[C@H](OC(=O)/C=C/c3ccc(O)c(O)c3)C2)O1,1
C=CCOc1ccc(/C=C/C(=O)c2cccc(CC=C)c2O)cc1OC,1
Nc1ccc(S(=O)(=O)N(Cc2ccc(Br)cc2F)c2cc(F)c(O)c(F)c2)cc1,1
CCCCOc1ccc2c(c1)OC/C(=C\c1ccc(O)c(O)c1)C2=O,1
Oc1ccc(/C=C/c2ccc(/C=C/c3ccccc3)cc2)cc1,1
C[C@@H]1O[C@@H](OC[C@H]2O[C@@H](Oc3c(-c4ccc(O)c(O)c4)oc4cc(O)cc(O)c4c3=O)[C@H](O)[C@@H](O)[C@@H]2O)[C@H](O)[C@H](O)[C@H]1O,1
Cc1c(C)c2c(c(C)c1O)CCC(C)(C(=O)NCCCCCCCCNc1c3c(nc4cc(Cl)ccc14)CCCC3)O2,1
C[C@H]1Cc2c(O)c3c(c(O)c2O1)[C@@]1(C)CCCC(C)(C)C1=C(O)C3=O,1
COc1cc(C2Oc3cc([C@H]4Oc5cc(OS(=O)(=O)O)cc(O)c5C(=O)[C@@H]4O)ccc3OC2CO)ccc1O,0
O=c1cc(-c2ccc(O)c(O)c2)oc2cc(O)cc(O)c12,1
Oc1cccc(/N=C/c2ccccc2O)c1,0
O=c1c(O[C@@H]2O[C@@H](CO)[C@H](O)[C@H]2O)c(-c2ccc(O)c(O)c2)oc2cc(O)cc(O)c12,1
COc1cc(/C=N/NC(=O)c2ccc(-c3nc4cccc(C)c4[nH]3)cc2)ccc1O,1
COCCN(CC1CCCN(C2Cc3ccccc3C2)C1)C(=O)c1cc([N+](=O)[O-])c2cccnc2c1O,0
Oc1ccc(/C=C/c2cc(/C=C/c3ccc(O)cc3)[nH]n2)cc1,1
COc1cc(/C=C/C(=O)OCCOc2no[n+]([O-])c2S(=O)(=O)c2ccccc2)ccc1O,0
Oc1cc(O)c2c(c1)O[C@H](c1cc(O)c(O)c(O)c1)[C@@H](O)C2,1
Cc1cc(O)c(C(C)(C)C)cc1/N=C/c1ccc(C(C)C)cc1,1
CN1CCN(CCNC(=O)[C@@H](Cc2ccc(O)c(O)c2)OC(=O)/C=C/c2ccc(O)c(O)c2)CC1,1
O=C(O)/C=C/c1ccccc1O,0
O=c1c(O)c(-c2ccc(O)c(O)c2)oc2cc(O)ccc12,1
CC(C)(C)c1cc(/C=C/C(=O)NC2CCN(Cc3ccccc3)CC2)cc(C(C)(C)C)c1O,1
Cc1c(O)cc(O)c2c1[C@@H](C)[C@H](C)O2,1
CC(=O)Oc1c(OC(C)=O)c(-c2ccc(O)cc2)c(O)c(O)c1-c1ccc(O)cc1,1
COc1cc(/C=C/C(=O)O[C@H]2[C@H](OC[C@H]3O[C@@H](Oc4cc5c(cc4O)C[C@@H](C(=O)O)N5C(=O)/C=C/c4ccc(O)cc4)[C@H](O)[C@@H](O)[C@@H]3O)O[C@H](CO)[C@@H](O)[C@@H]2O)ccc1O,1
C=CC/C(C(=O)/C=C/c1ccc(O)c(OC)c1)=C(O)\C=C\c1ccc(O)c(OC)c1,1
Oc1ccc(-c2nc3cc(O)ccc3[nH]2)cc1,1
O=c1cc(-c2ccc(O)c(O)c2)oc2cc(O[C@@H]3O[C@H](CO)[C@@H](O)[C@H](O)[C@H]3O[C@@H]3O[C@H](CO)[C@@H](O)[C@H](O)[C@H]3O)cc(O)c12,1
CCCOC1Cc2c(C(C)=O)c(O)c3ccccc3c2O1,1
O=C(/C=C/c1ccc(O)c(O)c1)OCC(c1ccccc1)c1ccccc1,1
Oc1ccc(/C=C/c2cc(O)cc(O)c2Br)cc1,1
COc1cc([C@@H](O)[C@@H](CO)Oc2c(OC)cc([C@@H](O)[C@H](O)CO)cc2OC)ccc1O,0
Cc1c(O)c2c(c3c1[C@H](C)[C@@H](C)O3)Oc1cc(O)c(C)c3c1[C@H]2O[C@H](C)[C@H]3C,1
CS(=O)(=O)[O-].O=C(/C=C/c1ccc(O)c(O)c1)NCC[P+](c1ccccc1)(c1ccccc1)c1ccccc1,1
COc1ccc(-c2cc(=O)c3c(O)c(OC)c(OC)cc3o2)cc1,0
COc1cc(/C=C\C(=O)NCC(O)c2ccc(O)cc2)ccc1O,1
COc1cc2c(c(OC)c1O)C(=O)[C@H](O)[C@H](c1ccc3c(c1)OCO3)O2,1
CS(=O)(=O)[O-].O=C(CCc1ccc(O)c(O)c1)NCCCCCCCCCC[P+](c1ccccc1)(c1ccccc1)c1ccccc1,1
Oc1cc(Br)c(Cc2ccccc2)cc1O,0
COc1cc(OC)c(-c2oc3ccc(Cl)cc3c(=O)c2O)cc1OC,1
O=S(=O)(/C=C/c1ccc(O)c(O)c1)CCC1CCCCC1,1
CO/C(C(=O)/C=C/c1ccc(O)c(OC)c1)=C(O)\C=C\c1ccc(O)c(OC)c1,1
O=Cc1ccc(O)cc1,0
COc1ccc(/C=C/C(=O)/C=C/c2cc(OC)c(OC)c(OC)c2)cc1O,1
Oc1cc(O)c2c(c1)O[C@@]1(c3ccc(O)c(O)c3)Oc3cc(O)c4c(c3[C@@H]2[C@H]1O)O[C@H](c1ccc(O)c(O)c1)[C@@H](O)C4,1
Oc1ccc(Cc2c(Br)c(O)c(O)c(O)c2Br)cc1O,1
O=c1c2cc(O)ccc2[nH]c2cccc(O)c12,1
COc1cc(O)c2c(=O)c(O[C@@H]3O[C@@H](C)[C@H](O)[C@@H](O)[C@H]3O)c(-c3cc(O)c(O)c(O)c3)oc2c1O[C@@H]1O[C@H](CO)[C@@H](O)[C@H](O)[C@H]1O,1
CC(=O)c1c(O[C@@H]2O[C@H](CO)[C@@H](O)[C@H](O)[C@H]2O)ccc(O)c1CCc1ccc(O)cc1,0
OC[C@H]1O[C@@H](Oc2c(O)cc(O)c3c2O[C@H](c2ccc(O)c(O)c2)[C@H](O)C3)[C@H](O)[C@@H](O)[C@H]1O,1
CC(=O)Nc1nnc(-c2cccc(O)c2O)s1,0
COc1cc(NCCC(=O)N2c3ccccc3C=Cc3ccccc32)ccc1O,0
O=C(/C=C/c1ccc(O)c(O)c1)c1cc(O)ccc1O,1
O=Cc1cc(O)c(O)cc1O,1
Cc1nc2c3ccccc3ccc2c2nc3c(ccc4ccccc43)c(-c3ccc(O)cc3)c12,1
Oc1cc(O)cc(Oc2c(O)cc(O)c3c2Oc2c(O)cc(Oc4c(O)cc(O)cc4O)cc2O3)c1,1
O=C1/C(=C(C(=C2\Oc3cc(O)ccc3C2=O)/c2ccc(O)c(O)c2)\c2ccc(O)c(O)c2)Oc2cc(O)ccc21,1
O=C1/C(=C/c2ccc(O)c(O)c2)COc2c1ccc(O)c2O,1
Nc1ccc(O)c2c(=O)c3ccccc3[nH]c12,1
CCOC(=O)[C@H](Cc1ccccc1)NC(=O)/C=C/c1ccc(O)c(O)c1,1
O=C(O)CCC(c1c(O)cc(/C=C/c2ccc(O)c(O)c2)oc1=O)c1c(O)cc(/C=C/c2ccc(O)c(O)c2)oc1=O,1
CC1=NC(=S)N(n2c(CCl)nc3ccccc3c2=O)C(=O)C1/N=N/c1ccc(O)c([N+](=O)[O-])c1,1
Cc1cc(O)cc(Oc2cc(C)cc(O)c2O)c1,1
O=c1[nH]nc(Cc2ccc(Cl)cc2)n1/N=C/c1ccc(O)c(O)c1,1
COc1ccc(CC(=O)c2ccc(O)cc2O)cc1,1
COc1ccc(/C=N/NC(=O)c2ccc(-c3nc4cccc(C)c4[nH]3)cc2)cc1O,1
COc1cc(/C=C/C(=O)O[C@H]2[C@H](O)[C@@H](CO)O[C@@]2(CO)O[C@H]2O[C@H](CO)[C@@H](O)[C@H](O)[C@H]2O)cc(OC)c1O,0
COc1cc(/C=N/NC(=O)OCc2ccccc2)cc(-c2cc(/C=N/NC(=O)OCc3ccccc3)cc(OC)c2O)c1O,1
C/C=C/c1cc2c(c(=O)o1)-c1c(O)c(O)c(OC)c(C=O)c1C(OC(C)C)O2,1
OCc1cc(O)c(O)c(Cl)c1,1
O=[N+]([O-])OCCc1ccc(O)c(O)c1,0
O=S(=O)(/C=C/c1ccc(O)c(O)c1)Cc1ccc(Cl)cc1,1
COc1cc(/C=C/c2cc(/C=C/c3ccc(O)cc3)[nH]n2)ccc1O,1
O=c1c(O)c(-c2ccc(Cl)cc2)oc2ccccc12,0
CCCCCCCCCCCCCCCCOC(=O)/C=C/c1ccc(O)c(O)c1,1
COC(=O)c1cc(O)c(O)c(O[C@@H]2O[C@H](COC(=O)c3cc(O)c(O)c(O)c3)[C@@H](O)[C@H](O)[C@H]2O)c1,1
COc1cc(OC)c(C2CC(=O)c3cc(O)ccc3O2)cc1OC,1
CC[C@@H]1OC(=O)[C@]2(C[C@@H](O)[C@H](O)[C@H](OC(=O)/C=C/c3ccc(O)c(O)c3)C2)O1,1
COc1cc(/C=C/C(=O)NCCN2CCC(CCC(=O)c3cc(Cl)c(N)cc3OC)CC2)ccc1O,1
COc1cc(CCc2cc(OC)c(OC)c(OC)c2)ccc1O,1
COc1cc(/C=N/CC2(CC(=O)O)CCCCC2)ccc1O,0
O=S(=O)(/C=C/c1ccc(O)c(O)c1)CC1CC1,1
CC(C)(C)c1ccc(-c2oc3cc(O)cc(O)c3c(=O)c2O)cc1,0
COc1cc(-c2c3c(n4c2-c2cc(OC)c(OC)c(O)c2CC4)COc2cc(O)c(OC)cc2-3)ccc1O,0
COC(=O)[C@H]1O[C@@H](Oc2c(O)cc(O)c3c(=O)cc(-c4ccc(O)cc4)oc23)[C@H](O)[C@@H](O)[C@@H]1O,1
O=S(=O)(/C=C/c1ccc(O)c(O)c1)CCCC1CCCC1,1
COc1cc2c(c(OC)c1O)[C@H](c1ccc(O)c(O)c1)[C@@H](C(=O)NCCc1ccc(O)cc1)C(C(=O)NCCCCNC(C)=O)=C2,1
CC1=NC(=S)N(n2c(CCl)nc3ccccc3c2=O)C(=O)C1/N=N/c1cccc(C)c1O,1
COc1cc(O[C@@H]2O[C@H](CO)[C@@H](OC)[C@H](O)[C@H]2O)c(CC=C(C)C)c(O)c1C(=O)/C=C/c1ccc(O)cc1,1
O=C(Nc1nnc(-c2cccc(O)c2O)s1)c1ccccc1,1
COc1cc2c(cc1O)CCC(C)(CC(=O)NCCCCCCCNc1c3c(nc4ccccc14)CCCC3)O2,1
O=C(O)c1cc(O)c(O)cc1-c1cc2cccc(O)c2oc1=O,1
O=S(=O)(/C=C/c1ccc(O)c(O)c1)CC1CCCCO1,1
COC(=O)[C@H](CS)NC(=O)/C=C/c1cc(OC)c(O)c(OC)c1,1
O=C(/C=C/c1ccc(O)cc1)CC(=O)/C=C/c1ccc(O)cc1,1
Oc1cc(O)c2c(c1)O[C@H](c1ccc(O)c(O)c1)[C@H](O)[C@H]2c1c(O)cc2c(c1O)C[C@@H](O)[C@@H](c1ccc(O)c(O)c1)O2,1
CN(C)CCN(CC1CCCN(C2Cc3ccccc3C2)C1)C(=O)c1cc(O)c2cccc(O)c2n1,1
COc1cc(OC)c(OC)cc1/C=C/C(=O)c1ccc(O)cc1O,1
O=C(NCCCCCCCCCC[P+](c1ccccc1)(c1ccccc1)c1ccccc1)c1ccc(O)c(O)c1.[Br-],1
COc1cc2c(cc1O)CCC(C)(CC(=O)N1CCC[C@H]1C(=O)O)O2,1
O=C(/C=C/c1ccc(O)c(O)c1)NCCc1c[nH]c2ccccc12,1
COc1cc2c(cc1O)CCC(C)(CC(=O)N[C@@H](C)C(=O)O)O2,1
O=C(/C=C/c1ccc(O)c(O)c1)OCCc1cccc2ccccc12,1
O=C1OCC(O)(C(=O)c2ccc(O)c(O)c2)/C1=C\c1ccc(O)c(O)c1,1
CCOC(=O)[C@@H](NC(=O)/C=C/c1ccc(O)c(O)c1)C(C)C,1
COc1ccc(/C=C/C(=O)NCCc2c[nH]c3ccc(O)cc23)cc1OC,1
CC(C)=CCc1c(O)c(O)cc2c(=O)c3c(O)c4c(cc3oc12)OC(C)C4(C)C,1
COC(=O)[C@H](Cc1ccc(O)c(O)c1)NC(=O)/C=C/c1ccc(O)c2oc(-c3ccc(O)c(O)c3)cc12,1
CCC(=O)c1ccc2nc(NCCCCOc3cc(O)c4c(=O)cc(-c5ccccc5)oc4c3)sc2c1,1
CN(CCCCCOc1cc(O)c2c(=O)c3ccccc3oc2c1)Cc1cccc(O)c1,0
O=[N+]([O-])c1ccc(S(=O)(=O)N(Cc2ccc(Br)cc2F)c2cc(F)c(O)c(F)c2)cc1,1
Oc1ccc(/C=C/c2cc(O)cc3c2[C@H](c2cc(O)c4c(c2)[C@@H](c2cc(O)cc(O)c2)[C@H](c2ccc(O)cc2)O4)[C@@H](c2cccc(O)c2)O3)cc1,0
COc1cc2c(c(OC)c1O)[C@@H](CO)[C@@H](c1cc(OC)c(OC)c(OC)c1)O2,1
N[C@@H](CCC(=O)NNc1ccc(O)cc1O)C(=O)O,0
O=C(/C=C/c1cccc(O)c1)/C=C/c1cccc(O)c1O,1
COc1c(C(C)C)cc2c(c1O)[C@@]1(CO)CCCC(C)(C)[C@@H]1CC2,1
O=C(/C=C/c1ccc(O)c(O)c1)Nc1ccccc1Nc1ccccc1,1
CN(C)c1ccc(-c2oc3cc(O)cc(O)c3c(=O)c2O)cc1,0
CC[C@@H](C)[C@@]12OC(=O)[C@@]3(O)C[C@@H](O1)c1c(cc(O)c(C)c1O)[C@@]23C,1
COc1cc2c(cc1O)CCC(C)(CCNC(=O)C[C@H]1OC(O)[C@H](O)[C@@H](O)[C@@H]1O)O2,1
O=c1ccc2c(O)c(O)ccc2o1,0
O=C(NCC1CCCN(c2nc3ccccc3s2)C1)c1cc([N+](=O)[O-])c2cccnc2c1O,0
COc1c(O)cc2oc(-c3ccc(O)c(O)c3)c(OC)c(=O)c2c1O,1
COc1cc(C(O)C(CO)Oc2c(OC)cc(C(O)C(CO)Oc3c(OC)cc([C@@H]4Oc5c(OC)cc(/C=C/C=O)cc5[C@H]4CO)cc3OC)cc2OC)ccc1O,0
Oc1ccc(/C=N/NC(=S)Nc2ccccc2)cc1,1
COc1cc(/C=C2\CCC/C(=C\c3ccc(O)c(OC)c3)C2=O)ccc1O,0
COc1cc(O)c2c(=O)c(O[C@@H]3O[C@@H](C)[C@H](O)[C@@H](O)[C@H]3O)c(-c3cc(O)c(O)c(O)c3)oc2c1OC(C)=O,1
CC/C=C\C/C=C\C/C=C\CCCCCCCC(=O)OC[C@H]1O[C@@H](Oc2cc(O)cc(O)c2C(=O)CCc2ccc(O)cc2)[C@H](O)[C@@H](O)[C@@H]1O,0
Cn1cnc(C#N)c1/N=C/c1cc(O)c(O)c(O)c1,1
Cc1cc(O)c(C(C)(C)C)cc1/N=C/c1ccccc1,1
Oc1ccccc1/N=C/c1c(O)ccc2ccccc12,1
[O-][S+](/C=C/c1ccc(O)c(O)c1)Cc1ccccc1,1
O=C(/C=C/c1ccc(O)c(O)c1)O[C@H](Cc1ccc(O)c(O)c1)C(=O)NCCc1ccc(O)cc1,1
COc1cc(CN(CCCCO)Cc2ccc(O)c(OC)c2)ccc1O,1
COc1coc(COC(=O)C2(C)CCc3c(C)c(O)c(C)c(C)c3O2)cc1=O,1
Cc1cc(O)c(C(C)C)cc1/N=C/c1ccc(O)cc1,1
Cc1c(-c2nn3c(-c4ccc(O)cc4)nnc3s2)[se]c2ncnc(Nc3ccc(Cl)cc3)c12,1
Cc1cc(/N=C/c2ccccn2)c(C(C)C)cc1O,1
COc1ccc2[nH]c(-c3ccc(O)c(OC)c3)nc2c1,1
Oc1ccc(/C=C/c2cc(O)c(I)c(O)c2)cc1,1
C[C@@H]1O[C@@H](OC[C@H]2O[C@@H](Oc3c(-c4ccc(O)c(O)c4)oc4cc(O)cc(O)c4c3=O)[C@H](OC(=O)/C=C/c3ccc(O)cc3)[C@@H](O[C@@H]3OC[C@H](O)[C@H](O)[C@H]3O)[C@@H]2O)[C@H](O)[C@H](O)[C@H]1O,1
C[C@@H]1O[C@@H](O[C@@H]2[C@@H](O)[C@H](OCCc3ccc(O)c(O)c3)O[C@H](COC(=O)/C=C/c3ccc(O)c(O)c3)[C@H]2O)[C@H](O[C@@H]2OC[C@H](O)[C@@H](O)[C@H]2O)[C@H](O)[C@H]1O,1
CCOC(=O)/C=C(/C(=O)OCC)[C@H]1c2c(cc(O)c(O)c2O)C(=O)O[C@@H]1C(=O)O,1
Oc1cccc(/C=N/c2ccccc2O)c1,1
Oc1cc(-c2cc3cc(Br)cc(O)c3o2)cc(O)c1O,1
CCO[C@H](c1ccc(O[C@@H](CO)[C@@H](O)c2ccc(O)c(OC)c2)c(OC)c1)[C@@H](CO)c1ccc(O)c(OC)c1,1
CN(C)c1ccc(/C=N/c2ccccc2O)cc1,1
COc1cc(/C=C/C(=O)c2cc3cc(O)ccc3oc2=O)cc(OC)c1OC,0
O=C1/C(=C/c2cccc(O)c2O)CC/C1=C\c1cccc(O)c1O,1
Oc1cc(Br)c(Cc2cc(Br)ccc2O)cc1O,1
Oc1ccc(/N=C/C=C/c2ccccc2)cc1,0
COC1(C)Cc2c(C(C)=O)c(O)c3ccccc3c2O1,0
CN(C)C(=O)COc1ccc(-c2cc(=O)c3c(O)c(O)c(O)cc3o2)cc1,1
CCC(CC)CNc1ccc(O)c(CNCCc2cccc(OC(=O)N(C)CC)c2)c1,1
CCCCC/C=C/C(=O)CCc1ccc(O)c(OC)c1,1
CCOC(=O)C1OC(=O)c2cc(O)c(O)c3oc(=O)c(CC(=O)O)c1c23,1
CN(C)CCN(CC1CCCN(C2Cc3ccccc3C2)C1)C(=O)c1cc([N+](=O)[O-])c2cccnc2c1O,0
COc1cc2c(cc1O)CCC(C)(CC(=O)NCCCCCCCNc1c3c(nc4cc(Cl)ccc14)CCCC3)O2,1
Cc1cccc(-c2nnc(-c3ccccc3N)o2)c1O,1
COc1cc(/C=N/NC(=O)c2nn(-c3ccnc4cc(Cl)ccc34)c(-c3ccc(F)cc3)c2C)ccc1O,0
COc1cc(OC)c(OC)cc1/C=C/C(=O)c1ccc(O)cc1,1
COc1cc([C@H]2O[C@H](c3ccc4c(c3)OCO4)[C@@H](C)[C@H]2C)ccc1O,1
O=C(CC(c1c(Cl)cccc1Cl)c1c[nH]c2ccccc12)c1c(O)c2ccccc2oc1=O,1
O=C1C(O)=C(O)C(=O)c2c(O)c(O)cc(O)c21,1
Cc1cc(O)c2c(c1O)[C@H](O)[C@H]1C[C@@H](O)C[C@@H](O)[C@@H]1C2=O,1
COc1cc(/C=N/NC(=O)c2nn(-c3ccc(F)c(Cl)c3)c(-c3ccc(F)cc3)c2C)ccc1O,0
COc1cc(/C=C/C(=O)NCCc2c[nH]c3ccc(O)cc23)cc(OC)c1O,1
COC(=O)CCC(c1c(O)cc(/C=C/c2ccc(O)c(O)c2)oc1=O)c1c(O)cc(/C=C/c2ccc(O)c(O)c2)oc1=O,1
O=C(Cc1ccc(O)c(O)c1)OCCOc1no[n+]([O-])c1S(=O)(=O)c1ccccc1,1
COc1cc(CNCCCN2C(=O)c3cccc4cccc(c34)C2=O)ccc1O,1
Oc1ccc(O)c(COCc2cc(O)ccc2O)c1,1
COc1ccc2nc(NCCCCOc3cc(O)c4c(=O)cc(-c5ccccc5)oc4c3)sc2c1,1
O=C(Oc1ccc(-c2cc(=O)c3c(O)c(O)c(O)cc3o2)cc1)N1CCOCC1,1
O=c1c(O)c(-c2ccc3c(c2)OCO3)oc2ccccc12,1
COc1cc(CC[C@H](O)C[C@@H](O)CCc2ccc(O)c(OC)c2)ccc1O,1
COc1cc2c(cc1O)CCC(C)(C)O2,1
O=C1[C@@H]2CCC[C@@H]1[C@H](c1ccc(O)c(O)c1)N[C@@H]2c1ccc(O)c(O)c1,1
O=S(=O)(/C=C/c1ccc(O)c(O)c1)NCCc1ccc(Cl)cc1,1
COc1ccc(/C=C2\Oc3cc(O)ccc3C2=O)cc1OC,0
CCCCCCCCCCCCCCCCCCOC(=O)/C=C/c1cc(OC)c(O)c(OC)c1,1
COc1cc(-c2cc(=O)c3ccc(O)cc3o2)cc(OC)c1OC,1
Cc1cccc2nc(-c3ccc(C(=O)N/N=C/c4ccc(O)cc4)cc3)[nH]c12,1
COc1cc2c(cc1O)CCC(C)(CC(N)C(=O)O)O2,1
COc1cc(O[C@@H]2O[C@H](CO)[C@@H](O)[C@H](O)[C@H]2O)c2c(O)c(C(C)=O)c(C)cc2c1,1
C[C@@H]1Oc2c(O)c3c(c(O)c2[C@H]1O)C(=O)C(O)=C1[C@]3(C)CC[C@H]2C[C@@]12C,1
CCCCCCCC/C=C\CCCCCCCC(=O)OC[C@H]1O[C@@H](Oc2cc(O)cc(O)c2C(=O)CCc2ccc(O)cc2)[C@H](O)[C@@H](O)[C@@H]1O,0
CN(C)CCN(CC1CCCN(C2Cc3ccccc3C2)C1)C(=O)c1ccc2cccc(O)c2n1,0
O=c1cc(-c2ccc(O)c(O)c2)oc2cc(OC3O[C@@H](CO)[C@H](O)[C@@H](O)[C@@H]3O)cc(O)c12,1
CC1(c2ccc(O)cc2O)NNC(=O)CO1,1
COc1cc(/C=C/C(C)=O)ccc1O,0
COc1cc(/C=N/NC(=O)c2nn(-c3ccc(Cl)cc3Cl)c(-c3ccc(C(F)(F)F)cc3)c2C)ccc1O,0
CC(C)(Sc1cc(C(C)(C)C)c(O)c(C(C)(C)C)c1)Sc1cc(C(C)(C)C)c(O)c(C(C)(C)C)c1,1
O=C(/C=C/c1cc(O)ccc1O)CC(=O)/C=C/c1cccc(O)c1O,1
O=C1CSC(=S)N1/N=C/c1ccccc1O,1
O=C1c2c(O)cc(O)cc2O[C@@H](c2cccc(O)c2O)[C@@H]1O,1
COc1cc(OC)c(OC)cc1/C=C/C(=O)c1cc(O)ccc1O,1
O=C(O)c1cc(O)c(O)cc1-c1cc2cc(O)c(O)cc2oc1=O,1
CCO[C@@H]1Oc2c(c(C(C)=O)c(O)c3ccccc23)[C@@H]1C,0
COc1cc(/C=C/C(=O)NCCCCNC(=O)/C=C/c2ccc(O)c(OC)c2)ccc1O,0
O=C1c2c(O)cc(O)cc2O[C@H](c2cccc(O)c2O)[C@H]1O,1
COc1cc(/C=N/N2C(=O)CSC2=S)ccc1O,1
O=Cc1cc(O)c(O)c(O)c1,1
Cc1ccccc1CN1CCC(CCNC(=O)/C=C/c2cc(C(C)(C)C)c(O)c(C(C)(C)C)c2)CC1,1
O=C(O[C@H]1[C@@H]2C=CO[C@@H](O[C@H]3O[C@@H](CO)[C@H](O)[C@@H](O)[C@@H]3O)[C@@H]2[C@](O)(CO)[C@@H]1Cl)c1ccc(O)c(O)c1,1
COc1c(O)cc([C@H]2Oc3cc(O)cc(O)c3C[C@@H]2O)cc1O,1
CO[C@@]12O[C@H](C)[C@@H](C)C1=C(C)C(=O)C1=C2Oc2cc(O)c(C)c3c2[C@H]1O[C@H](C)[C@H]3C,0
Oc1ccc(/C=N/c2ccccc2O)cc1O,1
O=C(/C=C/c1ccc(O)c(O)c1)NCCC1CCN(Cc2ccccc2)CC1,1
COc1cc(C[C@@H]2COC(=O)[C@H]2Cc2ccc(O[C@@H]3O[C@H](CO)[C@@H](O)[C@H](O)[C@H]3O)c(OC)c2)ccc1O,0
COc1cc(/C=N/NC(=O)c2nn(-c3ccc(Cl)c(Cl)c3)c(-c3ccc(Cl)cc3)c2C)cc(OC)c1O,1
COc1cc(/C=N/NC(=O)c2nn(-c3ccc(Cl)cc3Cl)c(-c3ccccc3)c2C)ccc1O,0
O=C(COc1cc(O)c2c(=O)cc(-c3ccc(O)c(O)c3)oc2c1)OC[C@@H]1OC(O)[C@@H](O)[C@H](O)[C@H]1O,1
COC(=O)CC1=CC(=O)[C@H](c2c(O)cc(/C=C/c3ccc(O)c(O)c3)oc2=O)[C@@H](c2ccc(O)c(O)c2)O1,1
O=C(/C=C/c1ccc(O)cc1)NCCc1ccc(O)c(O)c1,1
CN(C)CCCNC(=O)[C@@H](Cc1ccc(O)c(O)c1)OC(=O)/C=C/c1ccc(O)c(O)c1,1
CN(CCCCCCCOc1cc(O)c2c(=O)c3ccccc3oc2c1)Cc1cccc(O)c1,0
O=C(/C=C/c1ccc(O)c(O)c1)CCCCc1ccccc1,1
CCOC(=O)/C=C/c1cc(O)c(O)c(O)c1,1
CC[C@@H](C)[C@]12Oc3cc(-c4c(O)c(O)c(-c5ccc(O)cc5)c(OC(C)=O)c4OC(C)=O)ccc3O[N@@+]1([O-])C(O)=C([C@@H](C)CC)N(O)C2=O,1
Cc1ccc(/C=N/c2cc(C(C)C)c(O)cc2C)cc1,1
CN(CCCCCOc1cc(O)c2c(=O)c3ccccc3oc2c1)Cc1ccc(O)cc1,0
COc1ccc(C(=O)/C=C/c2ccc(C(=O)Nc3nnc(-c4ccc(O)c(O)c4)s3)cc2)cc1,1
O=C(c1cccc(Cl)c1)c1ccc(O)c(O)c1,0
COc1cc2c(cc1O)CCC(C)(CC(=O)N[C@@H](Cc1ccccc1)C(=O)O)O2,1
O=C(/C=C/c1ccc(O)c(O)c1)CC(=O)/C=C/c1cccc(O)c1O,1
COc1cc(/C=N/NC(=O)CCCc2nc3ccccc3c(=O)[nH]2)ccc1O,0
Cc1cc(O)c(C(C)C)cc1/N=C/c1cc(Br)cc(Br)c1O,1
COc1cc(C2Oc3cc([C@H]4Oc5cc(O)cc(O)c5C(=O)[C@@H]4O)ccc3OC2COC(=O)c2cc(OC)c(OC)c(OC)c2)ccc1O,0
CC1(C)OC(=O)[C@]2(C[C@@H](O)[C@H](O)[C@H](OC(=O)/C=C/c3ccc(O)c(O)c3)C2)O1,1
C/C=C\c1ccc(O)c(OC)c1,1
O=C1c2c(O)cc(O)cc2OC1(O)Cc1ccc(O)cc1,1
COc1ccc(-c2nc3cc(O)ccc3[nH]2)c(OC)c1,1
O=c1cc(O)c2ccc3c(c2o1)C=CC1(CCCCCC1)O3,0
COc1cc(/C=C2/C(=O)c3cccn3C2c2ccc(O)c(OC)c2)ccc1O,0
COc1cc(C2Oc3cc(-c4oc5cc(OS(=O)(=O)O)cc(O)c5c(=O)c4O)ccc3OC2CO)ccc1O,1
CCCOC(=O)CCc1ccc(O)c(O)c1,0
COc1ccc2nc3c(c(NCCCCCCCNC(=O)C4(C)CCc5c(C)c(O)c(C)c(C)c5O4)c2c1)CCCC3,1
COc1cc2oc(-c3ccc(O)c(O)c3)cc(=O)c2c(O)c1O[C@@H]1O[C@H](CO)[C@@H](O)[C@H](O)[C@H]1O,1
O=C(/C=C/c1cccc(O)c1)c1ccccc1O,0
CCOC(=O)[C@H](CC(C)C)NC(=O)/C=C/c1ccc(O)c(O)c1,1
COc1cc(/C=C/C(=O)OC[C@H]2O[C@@](CO)(O[C@H]3O[C@H](CO)[C@@H](OC(=O)/C=C/c4ccc(O)c(OC)c4)[C@H](O)[C@H]3OC(C)=O)[C@@H](OC(=O)/C=C/c3ccc(O)c(OC)c3)[C@@H]2O)ccc1O,1
C/C(=C\c1c(C)c(O)cc2c1[nH]c1c(O)ccc(CO)c12)CCC(C)C,1
Cc1ccc2[nH]c(=O)c(/C=N/c3ccccc3O)cc2c1,1
Oc1ccc(/C=C/c2ccc(/C=C/c3cc(O)cc(O)c3)cc2)cc1,1
C=CC(C)(C)c1c(OC)cc(O)c2c(=O)c3c(CC=C(C)C)c(O)c(O)cc3oc12,1
O=c1cc(-c2cc(O)c(O)c(O)c2)oc2ccccc12,1
Cc1cc2c(O)c3c(c(O)c2o1)[C@@]1(C)CC[C@H]2C[C@@]2(C)[C@@H]1CC3=O,0
COc1ccc(/C=C/C(=O)c2cc(O)ccc2O)cc1OC,0
O=C(O)C[C@H]1CCC(=O)[C@@H]1C/C=C\CCO[C@@H]1O[C@H](COC(=O)c2cc(O)c(O)c(O)c2)[C@@H](O)[C@H](O)[C@H]1O,1
Oc1ccccc1-c1cc(-c2ccc(F)cc2)[nH]c(=S)n1,0
CC(Cc1ccc(O)c(O)c1)C(C)Cc1ccc(O)c(O)c1,1
CC(=O)NCCCCN(CCCNC(=O)CCc1ccc(O)cc1)C(=O)CCc1ccc(O)cc1,1
OCc1cc(OCc2cc(O)ccc2O)ccc1O,1
Cc1ccc(CCOC(=O)/C=C/c2ccc(O)c(O)c2)cc1,1
COc1c(-c2cc(O)c(O)c(O)c2)oc2cc(OCCN3CCOCC3)cc(O)c2c1=O.Cl,1
COC(=O)[C@H](CS)NC(=O)/C=C/c1ccccc1O,0
COc1cc(/C=N/NC(=O)c2ccncc2)ccc1O,1
COc1cc(/C=C/C(=O)NCCCNC(=O)/C=C/c2ccc(O)c(OC)c2)ccc1O,0
COc1cc(CNCCCNC(=O)c2ccccc2CO)ccc1O,0
O=C(/C=C/c1ccccc1)c1c(O)c2ccccc2oc1=O,1
COc1cc(C)cc2c1C(=O)c1c(cc(O)c(O)c1O)C2=O,1
CCCC1(CCC)OC(=O)[C@]2(C[C@@H](O)[C@H](O)[C@H](OC(=O)/C=C/c3ccc(O)c(O)c3)C2)O1,1
CCOc1cc(C=C2C(=O)OC(C)(C)OC2=O)ccc1O,1
O=C(OC[C@H]1O[C@@H](Oc2cc(O)c(C(=O)c3ccccc3)c(O)c2)[C@H](O)[C@@H](O)[C@@H]1O)c1cc(O)c(O)c(O)c1,1
COc1ccc(-c2cc(=O)c3ccc(O)cc3o2)cc1,1
O=C(/C=C/c1ccc(O)c(O)c1)Oc1ccccc1,1
Cc1c(C)c2c(c(C)c1O)CCC(C)(C(=O)N(CCN(C)C)CC1CCCN(C3Cc4ccccc4C3)C1)O2,0
Oc1ccc(/C=C\c2cc(O)cc(O)c2)cc1,1
Cc1cc(/N=C/c2ccc(O)cc2)c(C(C)C)cc1O,1
COc1cccc(/C=C/C(=O)c2cc3cc(O)ccc3oc2=O)c1OC,0
COc1ccc2c(c1O)CCc1cc(O)cc(OC)c1-2,0
COc1cc(/C=N/NC(=O)CCCc2nc3ccccc3c(=O)[nH]2)cc(O)c1O,0
O=S(=O)(/C=C/c1ccc(O)c(O)c1)CC1CCCN1,1
COc1cc(C[C@@H](C)[C@@H](C)Cc2ccc(O)c(OC)c2)ccc1O,1
NC(CCC(=O)n1c(-c2ccc(O)cc2)nc2ccccc2c1=O)C(=O)O,1
O=C1c2c(O)cc(O)cc2O[C@@H](c2ccc(O)c(O)c2)[C@@H]1O,1
O=C(O)c1ccc(/C=N/c2ccccc2O)cc1,1
COc1cc(O)cc2c1-c1c(O)ccc(O)c1C2=O,1
CC(C)(C)c1cc(O)ccc1O,1
O=C1/C(=C/c2ccc(O)c(O)c2)COc2cc(O)ccc21,1
O=S(=O)(Nc1cc(F)c(O)c(F)c1)c1ccc(N2CCCC2)cc1,1
C[C@H]1Cc2c(O)c3c(c(O)c2O1)[C@@]1(C)CC[C@H]2C[C@@]2(C)C1=C(O)C3=O,1
CC(C)(C)Oc1ccc(-c2oc3cc(O)cc(O)c3c(=O)c2O)cc1,0
C=CCc1ccc(O)c(-c2cc(CC=C)ccc2O)c1,0
COc1c(O)cc([C@H]2Oc3cc(O)cc(O)c3C(=O)[C@@H]2O[C@@H]2O[C@H](C)[C@@H](O)[C@H](O)[C@@H]2O[C@@H]2O[C@H](C)[C@@H](O)[C@H](O)[C@@H]2O)cc1O,1
Oc1cc(O)cc(OCc2cccc(Cl)c2)c1,0
O=c1c2cc(O)c(O)cc2oc2cc(O)c([C@@H]3O[C@H](CO)[C@@H](O)[C@H](O)[C@H]3O)c(O)c12,1
CCOC(=O)/C=C/c1ccc(O)c2oc(-c3ccc(O)c(O)c3)cc12,1
CC1(C)CCC[C@@]23C(=O)OC(C[C@@H]12)c1cc(C(CO)CO)c(O)c(O)c13,1
O=c1c(-c2ccc(O)cc2)coc2cc(O)c(O)cc12,1
Oc1ccccc1/N=C/c1cccc(F)c1,1
Cc1c(/N=C/c2ccc(O)cc2)c(=O)n(-c2ccccc2)n1C,1
CC1=C([C@H](C)[C@@H](C)OC=O)C(=O)C2=C(C1=O)[C@@H]1O[C@H](C)[C@@H](C)c3c(C)c(O)cc(c31)O2,1
COC(=O)[C@@H]1c2c(oc3cc(CO)cc(O)c3c2=O)C=C[C@H]1O,1
COc1cc(/C=C/C(=O)OC[C@H]2O[C@H](O[C@]3(CO)O[C@H](CO)[C@@H](O)[C@@H]3OC(=O)/C=C/c3cc(OC)c(OC)c(OC)c3)[C@H](O)[C@@H](O)[C@@H]2O)cc(OC)c1O,1
COc1cc(C=O)ccc1O,0
O=C(O)C1CCCN1Cc1c(O)c(CN2CCCC2C(=O)O)c2c(c1O)C(=O)[C@@H](O)[C@H](c1ccc(O)c(O)c1)O2,1
O=C(c1ccc(O)c(O)c1)c1c(Br)c(O)c(O)c(O)c1Br,1
COC(=O)[C@H](CS)NC(=O)/C=C/c1ccc(O)c(O)c1,1
COc1c(O)cc(-c2oc3cc(O)cc(O)c3c(=O)c2O[C@@H]2O[C@@H](C)[C@H](O)[C@@H](O)[C@H]2O)cc1O,1
COc1c(-c2ccc(O)c(O)c2)oc2cc(OCCN3CCOCC3)cc(O)c2c1=O.Cl,1
Oc1cccc(O)c1O,1
COc1cc(/C=C/C(=O)C(=NNc2ccc(C)cc2)C(=O)/C=C/c2ccc(O)c(OC)c2)ccc1O,1
CCNC(=O)Nc1ccc(S(=O)(=O)Nc2cc(F)c(O)c(F)c2)cc1,1
COc1cccc(CCc2cc(O)c(O)c(OC)c2)c1,1
O=C(/C=C/c1cc(O)ccc1O)CC(=O)c1cccc(O)c1O,1
O=C(O)c1ccc(O)c(O)c1,1
COc1cc(/C=C/C(=O)CC(=O)/C=C/c2ccc(O)c(OC)c2)ccc1O,1
O=C(O)[C@@H]1Cc2cc(O)c(O[C@@H]3O[C@H](CO)[C@@H](O)[C@H](O)[C@H]3O)cc2N1C(=O)/C=C/c1ccc(O[C@@H]2O[C@H](CO)[C@@H](O)[C@H](O)[C@H]2O)cc1,1
COc1ccc2nc3c(c(NCCNC(=O)C4(C)CCc5c(C)c(O)c(C)c(C)c5O4)c2c1)CCCC3,1
CC(C)(C)c1ccc(-c2cc(=O)c3ccc(O)cc3o2)cc1,0
O=C(Nc1ccc(S(=O)(=O)Nc2cc(F)c(O)c(F)c2)cc1)c1ccccc1,1
CCCCC/C=C\C/C=C\CCCCCCCC(=O)OC[C@H]1O[C@@H](Oc2cc(O)cc(O)c2C(=O)CCc2ccc(O)cc2)[C@H](O)[C@@H](O)[C@@H]1O,0
COc1cc(C=O)cc(-c2cc(C=O)cc(OC)c2O)c1O,0
C=C(C)C1CCC2C(CC=C(C)C)C(C)(C)C3(CC=C(C)C)C(=O)C(C(=O)c4ccc(O)c(O)c4)=C(O)C2(CC1(C)C)C3=O,1
CC(C)CNC(=O)[C@@H](Cc1ccc(O)c(O)c1)OC(=O)/C=C/c1ccc(O)c(O)c1,1
O=c1c(O[C@@H]2OC[C@H](O)[C@H](O)[C@H]2O)c(-c2ccc(O)c(O)c2)oc2cc(O)cc(O)c12,1
C[C@H]1[C@H]2[C@H](O[C@@H]3O[C@H](COC(=O)/C=C/c4ccc(O)c(O)c4)[C@@H](O)[C@H](O)[C@H]3OC(=O)c3ccc(O)cc3)OC=C(C(=O)O)[C@H]2C[C@@H]1O,1
CC(C)(C)c1cc(CCC(=O)NCCC2CCN(Cc3ccccc3)CC2)cc(C(C)(C)C)c1O,1
COc1ccc(/C=N/NC(=S)N[C@@H]2O[C@H](COC(C)=O)[C@H](OC(C)=O)[C@H](OC(C)=O)[C@H]2OC(C)=O)cc1O,0
CCOC(=O)/C=C(/C(=O)O)[C@H]1c2c(cc(O)c(O)c2O)C(=O)O[C@@H]1C(=O)OCC,1
C=CC(C)(C)c1c(O)cc(O)c2c(=O)c3c(CC=C(C)C)c(O)c(O)cc3oc12,1
COc1ccc(/C=N/c2cc(C)c(O)cc2C(C)C)cc1,1
COc1c(-c2ccc(O)c(O)c2)oc2cc(OC3O[C@@H](CO)[C@H](O)[C@@H](O)[C@@H]3O)cc(O)c2c1=O,1
COc1ccc(/C=C/C(=O)c2ccccc2O)cc1,0
CCC[C@H](O)C[C@@H]1Cc2cc(OC)c(O)c(O)c2C(=O)O1,1
COc1ccc(-n2cnc(C#N)c2/N=C/c2cc(O)c(O)c(O)c2)cc1,1
COc1cc(/C=N/c2cc(C(C)(C)C)c(O)cc2C)cc(OC)c1OC,1
O=C(/C=C/c1ccc(O)c2oc(-c3ccc(O)c(O)c3)cc12)Nc1ccc(F)cc1,1
Cc1c(C)c2c(c(C)c1O)CCC(C)(C(=O)NCCCNc1c3c(nc4cc(Cl)ccc14)CCCC3)O2,1
CCOC(=O)[C@@H](NC(=O)/C=C/c1ccc(O)c(O)c1)[C@@H](C)CC,1
CCN(CC)C(=O)Oc1ccc(-c2cc(=O)c3c(O)c(O)c(O)cc3o2)cc1,1
COc1cc(O)cc([C@H]2Oc3ccc(/C=C/C(=O)NCCc4ccc(O)cc4)cc3O[C@@H]2C(=O)NCCc2ccc(O)cc2)c1,1
CC/C=C\C/C=C\C/C=C\C/C=C\C/C=C\CCCOC[C@H]1O[C@@H](Oc2c(-c3ccc(O)c(O)c3)oc3cc(O)cc(O)c3c2=O)[C@H](O)[C@@H](O)[C@@H]1O,1
CCCc1ccc(/C=N/c2cc(C(C)C)c(O)cc2C)cc1,1
O=c1cc(/C=N\c2ccc(O)cc2)c2ccc(OCc3ccccc3)cc2o1,1
COc1ccc(-c2cc(-c3ccccc3O)nc(=S)[nH]2)cc1OC,0
CC1=NN(C(=O)c2cc3ccccc3oc2=O)C(=O)C1CNc1ccc(O)cc1,0
O=C(/C=C/c1ccc(O)c(O)c1)OCCC1CCCCC1,1
CCc1c(O)c(O)c2c(c1O)C(=O)C(N)=C(O)C2=O,1
O=C(OCCc1ccccc1)c1cc(O)ccc1O,1
O=C(Cc1ccccc1)c1c(O)cc(O)cc1O,1
CC(=O)O[C@@H]1[C@@H](O)[C@@H](OC(C)=O)[C@H](Oc2c(-c3cc(O)c(O)c(O)c3)oc3cc(O)cc(O)c3c2=O)O[C@H]1C,1
O=C1C[C@@H](c2ccc(O)cc2)Oc2cc(O[C@@H]3O[C@H](CO)[C@@H](O)[C@H](O)[C@H]3O)cc(O)c21,1
C=CCNC(=O)c1ccc(/C=C/c2ccc(O)c(O)c2)cc1,1
CC1=CCC[C@H]2[C@](C)(Cc3cc(O)c(SC(C)C(=O)O)cc3O)[C@@H](C)CC[C@]12C,1
Oc1ccc(/N=C/c2ccccc2)cc1,0
COc1cc(OC)c(-c2cc(=O)c3ccc(O)cc3o2)cc1OC,1
COc1cc(/C=C/C(=O)NCCNC(=O)/C=C/c2ccc(O)c(OC)c2)ccc1O,1
Cc1c(C)c2c(c(C)c1O)CCC(C)(C(=O)NCCCCCCNc1c3c(nc4ccccc14)CCCC3)O2,1
O=c1c(O[C@@H]2O[C@H](CO)[C@@H](O)[C@H](O)[C@H]2O)c(-c2cc(O)c(O)c(O)c2)oc2cc(O)cc(O)c12,1
O=C(NC1=CC(=O)[C@H]2O[C@H]2[C@H]1O)c1ccccc1O,1
CN(C)c1ccc(/C=N/c2ccc(O)cc2)cc1,1
COc1cc(/C=N/NC(=O)c2nn(-c3ccccc3)c(-c3ccccc3)c2C)ccc1O,0
O=C(O)CCc1cc(O)c(O)c(O)c1,1
O=c1c(O)c(-c2ccc(Cl)cc2)oc2cc(O)cc(O)c12,0
COc1cc(/C=N/NC(=O)c2cc(C)n[nH]2)cc(Oc2cc(/C=N/NC(=O)c3cc(C)n[nH]3)cc(OC)c2O)c1O,1
CC(=O)O[C@@H]1[C@@H](OC(C)=O)[C@@H](O)[C@H](Oc2c(-c3cc(O)c(O)c(O)c3)oc3cc(O)cc(O)c3c2=O)O[C@H]1C,1
COc1c(-c2ccc(O)c(O)c2)oc2cc(OCCN3CCCCC3)cc(O)c2c1=O.Cl,1
COc1ccc(/N=N/C2C(=O)N(n3c(CCl)nc4ccccc4c3=O)C(=S)N=C2C)cc1O,1
O=C(/C=C/c1ccc(O)c(O)c1)NCCNc1c2c(nc3ccccc13)CCCC2,1
CC(C)=CC[C@H]1C[C@@]23C[C@@H](CC=C(C)C)C(C)(C)[C@@](CC=C(C)C)(C(=O)C(C(=O)c4ccc(O)c(O)c4)=C2OC1(C)C)C3=O,1
O=c1oc2cc(O[C@@H]3O[C@H](CO)[C@@H](O)[C@H](O)[C@H]3O)c3c(c2c2c(O)c(O)c(O)cc12)O[C@H](c1ccc(O)cc1)C3,0
COc1cc2c(cc1O)CCC(C)(CCNCCCCCCCNc1c3c(nc4cc(Cl)ccc14)CCCC3)O2,1
O=Cc1ccc(O)c(O)c1O,1
COC(=O)C1(O)C[C@@H](O)[C@@H](O)[C@H](OC(=O)/C=C\c2ccc(O)c(O)c2)C1,1
Oc1ccc(/N=C/c2cc(O)cc(O)c2)cc1,0
COc1c(-c2cc(O)c(O)c(O)c2)oc2cc(OCCN3CCCCC3)cc(O)c2c1=O.Cl,1
COC(=O)[C@H]1O[C@@H](Oc2c(-c3ccc(O)c(O)c3)oc3cc(O)cc(O)c3c2=O)[C@H](O)[C@@H](O)[C@@H]1O,1
COc1cc(OC)cc(-c2c3c(n4c2-c2cc(OC)c(OC)c(O)c2CC4)COc2cc(O)c(OC)cc2-3)c1,0
O=C1c2c(O)cc(O)cc2O[C@@H](c2c(O)cccc2O)[C@@H]1O,1
Oc1ccc2[nH]c(-c3ccc(O)c(O)c3)nc2c1,1
COc1cc(CN(CCCN2C(=O)c3cccc4cccc(c34)C2=O)Cc2ccc(O)c(OC)c2)ccc1O,1
O=C(CCCc1nc2ccccc2c(=O)[nH]1)N/N=C/c1cc(O)c(O)c(O)c1,0
COc1cc(/C=C/C(=O)O[C@@H]2C[C@@](OC(=O)CCc3ccc(O)c(O)c3)(C(=O)O)C[C@@H](OC(=O)CCc3ccc(O)c(O)c3)[C@H]2O)ccc1O,0
O=C(/C=C/c1ccc(Cl)cc1)c1ccc(O)cc1O,0
CC(=O)Nc1ccc2nc(NCCCCOc3cc(O)c4c(=O)cc(-c5ccccc5)oc4c3)sc2c1,1
O=C(/C=C/c1ccc(O)c(O)c1)Nc1cc(Cl)c(O)c(Cl)c1,1
COc1cc2c(cc1O)CCC(C)(CCC(=O)NCCCCCCCCNc1c3c(nc4cc(Cl)ccc14)CCCC3)O2,1
O=C1/C(=C/c2ccc(O)cc2)COc2c1ccc(O)c2O,1
CC1=CCC[C@H]2[C@](C)(Cc3cc(O)c(Sc4nc5ccccc5s4)cc3O)[C@@H](C)CC[C@]12C,1
CCOC(=O)C(=Cc1cc(O)c(O)c(O)c1)C(=O)OCC,1
C[C@@H]1O[C@@H](OC[C@H]2O[C@@H](Oc3c(-c4ccc(O)cc4)oc4cc(O)c(O)c(O)c4c3=O)[C@H](O)[C@@H](O)[C@@H]2O)[C@H](O)[C@H](O)[C@H]1O,1
CCCCCCCCCCOc1cc2oc(-c3ccccc3)cc(=O)c2c(O)c1O,1
Oc1ccc(/C=N/n2c(S)nnc2-c2cnccn2)c(O)c1,1
COc1cc(/C=C/C(=O)OCC2CCN(Cc3ccc(Br)cc3)CC2)ccc1O,1
CC(C)(C)c1cc(/C=C/C(=O)NCCC2CCN(Cc3ccc(C#N)cc3)CC2)cc(C(C)(C)C)c1O,1
COC(=O)[C@H](CS)NC(=O)c1cc(OC)c(O)c(OC)c1,0
O=C(NCC1CCCN(Cc2nc3ccccc3s2)C1)c1cc([N+](=O)[O-])c2cccnc2c1O,0
COc1cc2c(cc1O)CCC(C)(CC(=O)N[C@@H](Cc1c[nH]c3ccccc13)C(=O)O)O2,1
COc1cc(O)cc([C@H]2Oc3ccc(/C=C\C(=O)NCCc4ccc(O)cc4)cc3O[C@@H]2C(=O)NCCc2ccc(O)cc2)c1,1
O=c1c2ccccc2[nH]c2c(O)cccc12,1
COc1ccc(C2SCC(=O)N2c2ccc3nc(Cc4ccc(O)cc4)c(=O)[nH]c3c2)cc1,1
Oc1cc(Cc2ccccc2)c(Br)c(Br)c1O,1
O=C(/C=C/c1ccc(O)c(O)c1)OCCOc1no[n+]([O-])c1S(=O)(=O)c1ccccc1,1
Cc1ccc(CN2CCC(CCNC(=O)/C=C/c3cc(C(C)(C)C)c(O)c(C(C)(C)C)c3)CC2)cc1,1
COc1cc([C@@H]2Oc3c(O)ccc([C@H]4Oc5cc(O)cc(O)c5C(=O)[C@@H]4O)c3[C@H]2CO)ccc1O,1
COc1cc(CN2CCC(CCC(=O)c3cc(Cl)c(N)cc3OC)CC2)ccc1O,0
COc1cc(O)c2c(=O)c(O)c(-c3ccc(O)c(O)c3)oc2c1O,1
COc1cc(CC[C@@H](O)C[C@H](O)CCc2ccc(O)c(OC)c2)ccc1O,1
Oc1ccccc1/C=N/n1c(S)nnc1-c1cnccn1,1
O=C(/C=C/c1ccccc1)c1ccc(O)cc1O,0
O=C(/C=C/c1ccc(O)c2oc(-c3ccc(O)c(O)c3)cc12)N1CCOCC1,1
CC(C)=CC[C@@H]1C[C@]2(CC=C(C)C)C(=O)[C@@](CC=C(C)C)(C(=O)C(C(=O)c3ccc(O)c(O)c3)=C2O)C1(C)C,0
CS(=O)(=O)[O-].O=C(Cc1ccc(O)c(O)c1)NCCCCCC[P+](c1ccccc1)(c1ccccc1)c1ccccc1,1
O=C(OC[C@H]1O[C@@H](OC(=O)c2cc(O)c(O)c(O)c2)[C@H](OC(=O)c2cc(O)c(O)c(O)c2)[C@@H](OC(=O)c2cc(O)c(O)c(O)c2)[C@@H]1OC(=O)c1cc(O)c(O)c(O)c1)c1cc(O)c(O)c(O)c1,1
C/C=C/c1cc2c(c(=O)o1)-c1c(O)c(O)c(OC)c(C(=O)O)c1C(OC)O2,1
CCC(=O)OCCc1ccc(O)c(O)c1,1
COc1cccc(/C=C/C(=O)c2cc3ccc(O)cc3oc2=O)c1OC,0
CN(C)c1ccc(/C=C/C(=O)c2cc(O)ccc2O)cc1,1
O=c1cc(-c2ccc(O)c(O)c2)oc2cc(O[C@@H]3O[C@H](CO)[C@@H](O)[C@H](O)[C@H]3O)c(O)c(O)c12,1
N#Cc1ncn(-c2ccc(F)cc2)c1/N=C/c1ccc(O)c(O)c1O,1
Cc1cc(O)c(C(C)(C)C)cc1/N=C/c1ccc2c(c1)OCO2,1
Cc1c2c(c3oc4cc(=O)c(C)c5c-4c(c3c1O)O[C@H](C)[C@H]5C)O[C@H](C)[C@H]2C,1
Oc1cccc(/C=N/c2ccc(OCc3ccccc3)cc2)c1O,1
Oc1cc(O)cc(Oc2c(O)cc(O)c3c2Oc2c(O)cc(O)cc2O3)c1,1
COc1c(CC=C(C)C)c(O)c([C@H](CC(C)C)c2c(O)c(CC=C(C)C)c(O)c(C(C)=O)c2O)c(O)c1C(C)=O,0
C/C=C/c1ccc2oc(-c3ccc(OC)cc3O)cc2c1,1
CCOc1ccc2nc(NCCCCOc3cc(O)c4c(=O)cc(-c5ccccc5)oc4c3)sc2c1,1
O=C(/C=C/c1cccc(O)c1O)CC(=O)/C=C/c1cccc(O)c1O,1
CC1=NC(=S)N(n2c(CCl)nc3ccccc3c2=O)C(=O)C1/N=N/c1ccc(C)cc1O,1
O=C(O)/C=C/c1cc(O)c(O)c(O)c1,1
CC(C)=CCC/C(C)=C/CC1(CC=C(C)C)C(=O)C(O)=Cc2oc3cc(O)cc(O)c3c(=O)c21,0
COc1cc([C@H]2Oc3ccc(/C=C/C(=O)NCCc4ccc(O)cc4)cc3O[C@@H]2CO)ccc1O,1
CCCCCCCCC[C@H](O)CC(=O)CCc1ccc(O)c(OC)c1,1
CCOC(=O)C[C@@H](C(=O)O)[C@H]1c2c(cc(O)c(O)c2O)C(=O)O[C@@H]1C(=O)OCC,1
COc1c(-c2ccc(O)cc2)c(C)nn1-c1ccccc1,0
CCCC(C)Oc1cc(/C=C/C(=O)NCCc2cc(C(C)(C)C)c(O)c(C(C)(C)C)c2)cc(OC(C)CCC)c1O,1
COc1c(O)cccc1O,1
OC[C@H]1O[C@@H](Oc2cc(O)cc(/C=C\c3ccc(O)c(O)c3)c2)[C@H](O)[C@@H](O)[C@@H]1O,1
COc1cc(/C=C/C(=O)OC[C@H]2O[C@@](CO)(O[C@H]3O[C@H](CO)[C@@H](OC(=O)/C=C/c4ccc(O)cc4)[C@H](O)[C@H]3OC(C)=O)[C@@H](OC(=O)/C=C/c3ccc(O)c(OC)c3)[C@@H]2O)ccc1O,1
OCc1cc(OCc2cc(O)ccc2O)cc(Cl)c1O,1
COc1cccc(N2CCN(C(=O)/C=C/c3ccc(O)c(OC)c3)CC2)c1,1
CCN(CC)Cc1c(O)c(O)c(O)c2c(=O)cc(-c3ccc(O)cc3)oc12,1
CCC/C=C/c1cc2c(C=O)c(O)c(CC=C(C)C)cc2o1,0
[O-][S+](/C=C/c1ccc(O)c(O)c1)CCCc1ccccc1,1
O=C(/C=C/c1ccc(O)c(O)c1)O[C@H]1[C@H](O)[C@@H](O)[C@H](Oc2cc(O)c3c(=O)cc(-c4ccc(O)c(O)c4)oc3c2)O[C@@H]1CO,1
CCCC/C(=C\c1ccc(O)c(O)c1)C(=O)N[C@@H](Cc1ccccc1)C(=O)C(=O)NCCc1ccc(OC)cc1,1
COc1cc(CCc2c(O)ccc(O[C@@H]3O[C@H](CO)[C@@H](O)[C@H](O)[C@H]3O)c2C(C)=O)cc(-c2cc(CCc3c(O)ccc(O[C@@H]4O[C@H](CO)[C@@H](O)[C@H](O)[C@H]4O)c3C(C)=O)cc(OC)c2O)c1O,0
COc1cc(/C=C/C2=CC(=O)CC(c3ccc(O)c(OC)c3)N2CCCO)ccc1O,1
CC(C)OC(=O)/C=C/c1ccc(O)c(O)c1,1
COc1cc(/C=C/c2cc(/C=C/c3ccc(O)c(OC)c3)on2)ccc1O,1
O=C(c1ccc(O)c(Br)c1)c1cc(O)c(O)cc1Br,1
O=S(=O)(/C=C/c1ccc(O)c(O)c1)NCc1ccc(Cl)cc1,1
O=C(/C=C/c1cc(O)ccc1O)OCCc1ccccc1,1
COc1cc(/C=C/c2ccc(O)c(CCF)c2)cc(OC)c1,1
Cc1cc(O)c(C(C)(C)C)cc1/N=C/c1ccc(O)cc1,1
O=C(N/N=C/c1ccc(O)c(O)c1)c1ccncc1,1
COc1cc([C@H]2Oc3cc(-c4oc5cc(O)cc(O)c5c(=O)c4O)ccc3O[C@@H]2CO)ccc1O,1
CC1(C)OC(=O)[C@@]2(C=C[C@@H](O)[C@H](OC(=O)/C=C/c3ccc(O)c(O)c3)C2)O1,1
CCOC(=O)Cc1c2c3c(cc(O)c(O)c3oc1=O)C(=O)C2(O)C(=O)OCC,1
COc1cc([C@H](O)[C@@H](CO)Oc2ccc([C@@H](O)[C@@H](CO)c3ccc(O)c(OC)c3)cc2OC)ccc1O,1
CC1(c2ccc(O)cc2)NNC(=O)CO1,1
O=c1cc(-c2ccc(O)c(-c3c(O)cc(O)c4c(=O)cc(-c5ccc(O)cc5)oc34)c2)oc2cc(O)cc(O)c12,0
COC(=O)[C@@H](Cc1ccc(O)c(O)c1)NC(=O)/C=C/c1ccc(OC)c2oc(-c3ccc(O)c(O)c3)cc12,1
Cc1cc(O)c(C(C)(C)C)cc1/N=C/c1ccc(Cl)cc1,1
Oc1ccccc1/N=C/c1ccccc1,1
O.O.O=C(Nc1nnc(-c2cccc(O)c2O)s1)c1ccc(Cl)cc1,1
Cc1ccc(CNC(=O)[C@@H](Cc2ccc(O)c(O)c2)OC(=O)/C=C/c2ccc(O)c(O)c2)cc1,1
COc1cc(/C=N/N(C)c2nc3ccccc3s2)ccc1O,1
Cc1cccc2nc(-c3ccc(C(=O)N/N=C/c4ccc(O)cc4O)cc3)[nH]c12,1
C/C=C(/C)C(=O)OCc1c(C(C)=O)c(O)c(OC)c2c1[C@@H](C)[C@@H]1O[C@@H]1[C@H]2O,0
O=C(/C=C/c1ccco1)c1ccccc1O,0
CC(C)=CCc1ccc2[nH]c3c(CC(C)O)c(C)c(O)cc3c2c1,1
Oc1cc(O)c(/C=N/c2ccc(OCc3ccccc3)cc2)c(O)c1,1
CC(C)(O)CCc1c(O[C@@H]2O[C@H](CO)[C@@H](O)[C@H](O)[C@H]2O)cc(O)c2c(=O)c(O)c(-c3ccc(O)cc3)oc12,1
Oc1ccc(O)c(-c2nc3ncc(Cl)cc3[nH]2)c1,1
CCCCN(Cc1ccc(O)c(OC)c1)Cc1ccc(O)c(OC)c1,1
COc1ccc(CS(=O)(=O)/C=C/c2ccc(O)c(O)c2)cc1,1
O=S(=O)(/C=C/c1ccc(O)c(O)c1)CC1CCCO1,1
O=S(=O)(/C=C/c1ccc(O)c(O)c1)NCc1ccc(F)cc1,1
COc1cc(O[C@@H]2O[C@H](CO)[C@@H](O)[C@H](O)[C@H]2O)c(O)cc1-c1coc2cc(O)ccc2c1=O,1
COc1cc(/C=N/c2c(C)n(C)n(-c3ccccc3)c2=O)cc(OC)c1O,1
O=c1oc2ccccc2cc1O,1
COc1cc(/C=N/NC(=O)c2ccncc2)cc(Oc2cc(/C=N/NC(=O)c3ccncc3)cc(OC)c2O)c1O,1
COc1cc(/C=C/C(=O)O[C@H](C(=O)O)[C@](O)(Cc2ccc(O)c(O)c2)C(=O)O)ccc1O,1
C/C=C/c1cc2c(c(=O)o1)-c1c(O)c(O)c(OC)c(C(=O)O)c1C(O)O2,1
COc1cc([C@@H]2OC(=O)[C@@H]3[C@H]2CO[C@H]3c2ccc(O[C@@H]3O[C@H](CO)[C@@H](O)[C@H](O)[C@H]3O)c(OC)c2)ccc1O,0
C/C=C/c1cc2c(c(=O)o1)-c1c(O)c(O)c(OC)c(C=O)c1CO2,1
COc1cccc2cc(C3CC(c4cc(Br)ccc4O)=NN3)c3nnnn3c12,1
CCOC(=O)C1=C(C)NC(=O)NC1c1ccc(O)c(OC)c1,1
COc1cc(/C=N/NC(=O)OCc2ccccc2)cc(OC)c1O,1
CCOc1ccc(-c2cc(-c3ccccc3O)nc(=S)[nH]2)cc1,0
COc1cc([C@H]2Oc3c(OC)cc4ccc(=O)oc4c3O[C@@H]2CO)ccc1O,0
COc1ccc(C2/C(=C\c3ccc(O)c(O)c3)C(=O)c3cccn32)cc1O,1
O=C(NCC1CCN(Cc2ccccc2)CC1)c1c(O)c2ccccc2n(Cc2cc(O)c(O)c(O)c2)c1=O,0
COC(=O)/C=C/c1ccc(O)c(O)c1,1
CN(CCCCOc1cc(O)c2c(=O)c3ccccc3oc2c1)Cc1cccc(O)c1,0
COc1c(-c2ccc(O)c(O)c2)oc2cc(OCC(=O)OC[C@@H]3OC(O)[C@@H](O)[C@H](O)[C@H]3O)cc(O)c2c1=O,1
COc1cc2c(cc1O)CCC(C)(CC(=O)NCCCCCCCCCNc1c3c(nc4ccccc14)CCCC3)O2,1
O=c1cc(O)c2ccc3c(c2o1)[C@@H](O)[C@@H](O)C1(CCCCC1)O3,0
COc1c(O[C@@H]2O[C@H](CO)[C@@H](O)[C@H](O)[C@H]2O)cc2oc(-c3ccc(O)c(O)c3)cc(=O)c2c1O,1
N#Cc1ncn(-c2ccc(F)cc2)c1/N=C/c1cc(O)c(O)c(O)c1,1
COc1cc(/C=N/N(C)C(=O)OCc2ccccc2)ccc1O.Cl,1
Cc1c(C)c2c(c(C)c1O)CCC(C)(C(=O)NCCCCCCNc1c3c(nc4cc(Cl)ccc14)CCCC3)O2,1
COc1cc(CN(CCCO)Cc2ccc(O)c(OC)c2)ccc1O,1
O=C(/C=C/c1ccc(O)c(O)c1)OCCc1ccc(O)c(O)c1,1
CN(C)Cc1cc(/C=C2\CCC/C(=C\c3ccc(O)c(CN(C)C)c3)C2=O)ccc1O,1
COc1ccc(-c2cc(=O)c3c(O)c(O)c(OC)cc3o2)cc1,0
COc1ccc(NC(=O)/C=C/c2ccc(O)c3oc(-c4ccc(O)c(O)c4)cc23)cc1,1
Oc1cc(O)cc(-c2nc3cc(O)ccc3[nH]2)c1,1
COc1ccc(C2CC(=NOC(=O)c3ccccc3O)CC(c3ccc(OC)cc3)N2C)cc1,1
CCC(c1ccc(O)c(OC)c1)c1ccc(O)cc1O,1
COc1cc(C[C@@H](CO[C@@H]2O[C@H](CO)[C@@H](O)[C@H](O)[C@H]2O)[C@H](CO[C@@H]2O[C@H](CO)[C@@H](O)[C@H](O)[C@H]2O)Cc2ccc(O)c(OC)c2)ccc1O,0
CCc1ccc(/C=N/c2cc(C(C)C)c(O)cc2C)cc1,1
Cc1cc2c(O)c3c(c(O)c2o1)[C@@]1(C)CCCC(C)(C)C1=C(O)C3=O,1
CC1(C)OC(=O)[C@@]2(C=C[C@@H](OC(=O)/C=C/c3ccc(O)c(O)c3)[C@H](O)C2)O1,1
COc1cc(/C=C/C(=O)/C=C/c2ccc(C)c(C)c2)cc(OC)c1O,1
COc1cc(/C=C/C(=O)NCC(=O)Nc2ccc(Cl)cc2)ccc1O,0
O=C(/C=C/c1ccccc1O)/C=C/c1cccc(O)c1O,1
O=C(CC(c1ccccc1)c1c[nH]c2ccccc12)c1c(O)c2ccccc2oc1=O,1
CC(C)=CCc1c(O)ccc2cc(-c3cc(O)cc(O)c3)oc12,1
CCOC(=S)S/C(C(=O)/C=C/c1ccc(O)c(OC)c1)=C(O)\C=C\c1ccc(O)c(OC)c1,1
O=c1ccc2cc(O)c(O)cc2o1,0
O=C(/C=C/c1ccc(O)c2oc(-c3ccc(O)c(O)c3)cc12)N[C@@H](Cc1ccccc1)C(=O)O,1
Oc1cc(-c2cc3cccc(O)c3o2)cc(O)c1O,1
O=C(/C=C/c1ccc(O)c2oc(-c3ccc(O)c(O)c3)cc12)N[C@H](Cc1c[nH]c2ccccc12)C(=O)O,1
Cc1cc(O)cc(O)c1,1
COc1cc(/C=C/C=N/NC(=O)c2nn(-c3ccc(Cl)c(Cl)c3)c(-c3ccc(Cl)cc3)c2C)cc(OC)c1O,1
COc1cc(/C=C/C(=O)c2ccc([Si](C)(C)C)cc2)ccc1O,1
CCOC(=O)C(=Cc1ccc(O)c(O)c1)C(=O)OCC,1
O=C(/C=C/c1cccc(O)c1)CC(=O)/C=C/c1cc(O)ccc1O,1
Oc1ccc(O)c(COCc2cc(O)cc(Cl)c2O)c1,1
O=C1C[C@H](O)c2c1oc(=O)c1cc(O)c(O)c(O)c21,1
COc1ccc(O)c(C(C)(C)C)c1.COc1ccc(O)cc1C(C)(C)C,1
Cc1cc(/N=C/c2ccc(F)cc2)c(C(C)C)cc1O,0
O=c1c(O)c(-c2ccc(O)c(O)c2)oc2cc(O)cc(O)c12,1
CCCCCCCCCCCCCCOC(=O)/C=C/c1ccc(O)c(O)c1,1
COc1ccc(/C=C/C(=O)/C=C/c2ccc(O)c(OC)c2)cc1O,1
COc1cc(/C=N/Nc2nc3ccccc3s2)cc(-c2cc(/C=N/Nc3nc4ccccc4s3)cc(OC)c2O)c1O,1
O=C(/C=C/c1ccc(O)c(O)c1)NCCCCCCNc1c2c(nc3cc(Cl)ccc13)CCCC2,1
O=C(O)c1cc(O)ccc1O,1
CC(=O)Nc1nnc(-c2ccc(O)c(O)c2)s1.O,1
CN(C)c1ccc(/C=C/C(=O)c2c(O)c3ccccc3oc2=O)cc1,1
Cc1c(/N=C/c2ccc(O)c(O)c2)c(=O)n(-c2ccccc2)n1C,1
O=C1C=C(c2ccc(O)cc2O[C@@H]2O[C@H](CO)[C@@H](O)[C@H](O)[C@H]2O)C(Cc2ccc(O)cc2)O1,1
O=C(Nc1nnc(-c2ccc(O)c(O)c2)s1)C12CC3CC(CC(C3)C1)C2,1
COC(=O)[C@H](C)NC(=O)/C=C/c1ccc(O)c2oc(-c3ccc(O)c(O)c3)cc12,1
Cc1c([C@H](C)[C@H](C)O)c(O)c2oc3cc(=O)c(C)c4c-3c(c2c1O)O[C@H](C)[C@H]4C,1
COc1cc([C@H]2Oc3c(OC)cc4ccc(=O)oc4c3O[C@@H]2COC(C)=O)ccc1O,0
CC(=O)c1ccccc1O,0
O=S(=O)(/C=C/c1ccc(O)c(O)c1)CCCCCCCO,1
COc1cc([C@H](O)[C@@H](CO)Oc2c(OC)cc([C@@H]3OC[C@@H]4[C@H]3CO[C@H]4c3cc(OC)c(O[C@H](CO)[C@@H](O)c4ccc(O)c(OC)c4)c(OC)c3)cc2OC)ccc1O,1
O=C(NCC(=O)N(C(=O)NC1CCCCC1)C1CCCCC1)/C(=C\c1ccc(O)cc1)NC(=O)c1ccccc1,1
CCC(CC)Oc1cc(/C=C/C(=O)NCc2cc(C(C)(C)C)c(O)c(C(C)(C)C)c2)cc(OC(CC)CC)c1O,1
O=C1C=C(/C=C/c2ccc(O)cc2)N(CCO)C(c2ccc(O)cc2)C1,1
O=c1cc(-c2ccc(O)cc2)oc2cc(O)c(O)c(O)c12,1
COCc1c(Br)c(O)c(O)c(Br)c1Br,1
COc1cc(/C=N/NC(=O)c2nn(-c3ccnc4cc(Cl)ccc34)c(-c3ccc(Cl)cc3)c2C)ccc1O,0
O=C(/C=C/c1ccc(O)c(O)c1)NCCc1ccc(O)cc1,1
COc1cc2oc(-c3ccc(O)cc3)cc(=O)c2c(O)c1O,1
COc1cc(/C=C2\CC/C(=C\c3ccc(O)c(OC)c3)C2=O)ccc1O,1
COc1cc(O)c(C(=O)Cc2ccccc2)cc1O,1
COc1cc2c(cc1O)CCC(C)(CCNCCOCCOCCNc1c3c(nc4cc(Cl)ccc14)CCCC3)O2,1
COc1cc(CCc2c(O)ccc(O[C@@H]3O[C@H](CO)[C@@H](O)[C@H](O)[C@H]3O)c2C(C)=O)ccc1O,0
CC(C)(C)c1cc(/C=C/C(=O)NCCC2CCN(Cc3ccc(F)cc3F)CC2)cc(C(C)(C)C)c1O,1
C/C=C/c1cc2c(c(=O)o1)-c1c(O)c(O)c(OC)c(C=O)c1C(O)O2,1
Cc1cc(/N=C/c2cc(Br)cc(Br)c2O)c(C(C)C)cc1O,1
COC(=O)[C@H](CS)NC(=O)Cc1ccc(O)c(OC)c1,1
COc1cc([C@H]2Oc3cc([C@H]4Oc5cc(O)cc(O)c5C(=O)[C@@H]4O)ccc3O[C@H]2COP(=O)([O-])OC2O[C@H](CO)[C@H](OC3O[C@H](CO)[C@H](O)[C@H](O)[C@H]3O)[C@H](O)[C@H]2O)ccc1O.[Na+],0
O=C(/C=C/c1ccc(Cl)cc1)c1ccccc1O,0
CCC/C(=C\c1ccc(O)c(O)c1)C(=O)N[C@@H](Cc1ccccc1)C(=O)C(=O)NCCc1ccc(OC)cc1,1
O=c1c(O)c(-c2ccco2)oc2ccccc12,1
N[C@@H](CCC(=O)Nc1ccccc1O)C(=O)O,0
COc1cc(/C=N/Nc2nc3ccccc3s2)cc(Oc2cc(/C=N/Nc3nc4ccccc4s3)cc(OC)c2O)c1O,1
COc1cc(/C=C/C(=O)NCCc2c[nH]c3ccc(O)cc23)ccc1O,1
Cn1nc(-c2ccc(O)c(O)c2)cc1-c1coc2ccccc2c1=O,1
CN(C)c1ccc(/C=C2\Oc3ccc(O)cc3C2=O)cc1,0
O=Cc1ccc(O)c(O)c1,1
CCOc1cc(/C=C/C(=O)/C=C/c2ccc(O)c(OCC)c2)ccc1O,1
Cc1cccc2nc(-c3ccc(C(=O)N/N=C/c4cccc(O)c4O)cc3)[nH]c12,1
O=S(=O)(/C=C/c1ccc(O)c(O)c1)CCCCCCCCO,1
Oc1c(O)c(Br)c(COCc2c(Br)c(O)c(O)c(Br)c2Br)c(Br)c1Br,1
O=C1C[C@@H](c2ccc(O)c(O)c2)c2c(O)cc3c(c2O1)C[C@@H](O)[C@@H](c1ccc(O)c(O)c1)O3,1
Oc1ccc(/C=N/c2ccccc2O)cc1,1
Cc1nc2c3ccccc3ccc2c2nc3c(ccc4ccccc43)c(-c3cc(O)nc4ccccc34)c12,1
CC1(O)C=Cc2c(c(O)cc3cc(-c4cc(O)cc(O)c4)oc23)OC1,1
Oc1ccc([C@@H]2c3c(O)cc(O)cc3[C@H]3[C@H](c4ccc(O)cc4)c4c(O)cc(O)cc4[C@@H]23)cc1,0
COc1cc(C=C2C(=O)OC(C)(C)OC2=O)ccc1O,1
O=c1oc2cc(O)c(O)cc2cc1-c1ccc(O)c(O)c1,1
CN(CCCCCCCCOc1cc(O)c2c(=O)c3ccccc3oc2c1)Cc1ccc(O)cc1,0
Cc1cccc2nc(-c3ccc(C(=O)N/N=C/c4ccc(O)c(Br)c4)cc3)[nH]c12,1
[O-][S+](/C=C/c1ccc(O)c(O)c1)Cc1ccc(C(F)(F)F)cc1,1
COc1cc(/C=N/NC(=O)CCc2nc3ccccc3c(=O)[nH]2)cc(O)c1O,0
N[C@@H](Cc1ccc(O)cc1)C(=O)N[C@@H](CCC(=O)O)C(=O)NCC(=O)O,0
O=S(=O)(/C=C/c1ccc(O)c(O)c1)CC1CCC1,1
O=c1c(-c2ccc(O)cc2)coc2c(O)c(O)ccc12,1
O=C(/C=C/c1ccc(F)cc1)c1c(O)c2ccccc2oc1=O,1
COc1ccc(/C=C/C(=O)NCCc2ccc(O)cc2)cc1O,1
Oc1ccc2[nH]c(-c3ccccc3)nc2c1,1
O=c1[nH]c2ccccc2cc1/C=N/c1ccc(O)cc1,1
CC1=CCC[C@H]2[C@](C)(Cc3cc(O)cc(SC(C)C(=O)O)c3O)[C@@H](C)CC[C@]12C,1
Cc1cccc2nc(-c3ccc(C(=O)N/N=C/c4cccc(O)c4)cc3)[nH]c12,1
O=c1c2cccc(O)c2[nH]c2cc(O)cc(O)c12,1
Cc1c(C)c2c(c(C)c1O)CCC(C)(CO)O2,1
COc1cccc(CCc2cc(OC)c(O)c3c2C(Cc2cccc(OC)c2)c2cc(O)c(O)c(OC)c2O3)c1,1
CC(C)=CCc1cc2c(c(C=O)c1O)CCC(/C=C/C(C)O)O2,0
COc1cc(CC[C@@H](O)C[C@@H](O)CCc2ccc(O)c(O)c2)ccc1O,1
COc1cc2c(cc1O)CCC(C)(CCC(=O)NCCCCCCCNc1c3c(nc4cc(Cl)ccc14)CCCC3)O2,1
COc1ccc(/C=N/c2cc(C(C)(C)C)c(O)cc2C)cc1OC,1
Cc1cc(O)cc(O)c1O,1
O=C(O[C@@H]1Cc2c(O)cc(O)cc2O[C@@H]1c1ccc(O)c(O)c1)c1ccccc1,1
COc1cc(/C=N/NC(=O)OCc2ccccc2)cc(O)c1O,1
C[C@H]1Cc2c(O)c3c(c(O)c2O1)[C@@]1(C)CC[C@H]2C[C@@]2(C)[C@@H]1CC3=O,0
O=S(=O)(/C=C/c1ccc(O)c(O)c1)CCC1CCCC1,1
COc1cc2c(c(OC)c1O)C(=O)[C@H](O)[C@@H](c1ccc(O)cc1)O2,1
CC(C)CC(c1c(O)cc(/C=C/c2ccc(O)c(O)c2)oc1=O)c1c(O)cc(/C=C/c2ccc(O)c(O)c2)oc1=O,1
CCCOc1cc(/C=C/C(=O)NCCc2cc(C(C)(C)C)c(O)c(C(C)(C)C)c2)cc(OCCC)c1O,0
Cc1ccc(C(=O)Nc2nnc(-c3cccc(O)c3O)s2)cc1,1
COc1ccccc1O,1
COc1ccc(S(=O)(=O)Nc2cc(F)c(O)c(F)c2)cc1,1
CCCCCS(=O)(=O)/C=C/c1ccc(O)c(O)c1,1
CCOC(=O)[C@@H](NC(=O)/C=C/c1ccc(O)c(OC)c1)C(C)C,1
Oc1cccc(/C=C/c2ccc(/C=C/c3ccc(O)c(O)c3)cc2)c1,1
CC(C)OC(=O)/C=C/c1ccc(O)c2oc(-c3ccc(O)c(O)c3)cc12,1
CCCCOc1cc(/C=C/C(=O)NCc2cc(C(C)(C)C)c(O)c(C(C)(C)C)c2)cc(OCCCC)c1O,0
COc1cc(/C=C/C(=O)c2ccc(OC)c(F)c2)ccc1O,1
CCCCCCCC/C=C\CCCCCCCC(=O)OC[C@H]1O[C@@H](Oc2c(-c3ccc(O)c(O)c3)oc3cc(O)cc(O)c3c2=O)[C@H](O)[C@@H](O)[C@@H]1O,1
COC(=O)[C@H](Cc1ccc(O)c(O)c1)NC(=O)/C=C/c1ccc(OC)c2oc(-c3ccc(O)c(O)c3)cc12,1
Cc1cc(O)c(C(C)(C)C)cc1/N=C/c1cc(Br)c(O)c(Br)c1,1
CCN1CCN(Cc2c(O)c(O)c(O)c3c(=O)cc(-c4ccc(O)cc4)oc23)CC1,1
CC(C)=CCc1c(O)cc(/C=C/c2ccc(O)cc2)cc1O,1
CCOC(=O)c1c(-c2ccc(O)c(OC)c2)cn2c1c(=O)oc1ccccc12,1
COc1cc(/C=C/C(=O)N2c3cc(O[C@@H]4O[C@H](CO)[C@@H](O)[C@H](O)[C@H]4O)c(O)cc3C[C@H]2C(=O)O)ccc1O,1
COc1cc2c(cc1O)CCC(C)(CCC(=O)NCCCCCCNc1c3c(nc4cc(Cl)ccc14)CCCC3)O2,1
C=C(C)CCOC(=O)/C=C/c1ccc(O)c(O)c1,1
CCC(CC)Oc1cc(/C=C/C(=O)NCCCc2ccc(C)c(C)c2)cc(OC(CC)CC)c1O,1
Cc1cc(O)c(C(C)C)cc1/N=C/c1ccc(F)cc1,1
Oc1ccc2c(c1O)Cc1c-2[nH]c2ccccc12,1
COc1cc(/C=N/c2cc(C(C)C)c(O)cc2C)cc(OC)c1OC,1
Oc1cc(O)c2c(c1)O[C@H](c1ccc(O)c(O)c1)[C@H](O)[C@H]2c1c(O)cc(O)c2c1O[C@H](c1ccc(O)c(O)c1)[C@H](O)C2,1
Oc1ccc(CNc2ccccc2O)cc1O,1
COc1cc2c(c(OC)c1OC)C(=O)[C@H](O)[C@H](c1ccccc1O)O2,1
C=CC(C)(C)c1c(OC)cc(O)c2c(=O)c3ccc(O)c(O)c3oc12,1
COc1cc(/C=C/C(=O)NC2CCN(Cc3ccccc3)CC2)ccc1O,1
C=C1[C@H]2[C@H](O[C@@H]3O[C@H](COC(=O)/C=C/c4ccc(O)c(O)c4)[C@@H](O)[C@H](O)[C@H]3OC(=O)c3ccc(O)cc3)OC=C(C(=O)O)[C@H]2C[C@@H]1O,1
COc1ccc2c([nH]c3c4c(c(C)cc32)OC(C)(C/C=C(\C)CCC=C(C)C)C=C4)c1-c1ccc2[nH]c3c4c(c(C)cc3c2c1O)OC(C)(C/C=C(\C)CCC=C(C)C)C=C4,1
C=C(C)CC[C@H](C[C@]12C[C@H](CC=C(C)C)C(C)(C)[C@](CC=C(C)C)(C(=O)C(C(=O)c3ccc(O)c(O)c3)=C1O)C2=O)C(=C)C,1
N#Cc1ccc(C(CC(=O)c2c(O)c3ccccc3oc2=O)c2c[nH]c3ccccc23)cc1,1
COc1ccc(/C=C/C(=O)c2ccc(O)cc2O)cc1OC,0
O=C1C[C@@H](c2ccc(O)c(O)c2)Oc2cc(O[C@@H]3O[C@H](CO)[C@@H](O)[C@H](O)[C@H]3O[C@@H]3O[C@H](CO)[C@@H](O)[C@H](O)[C@H]3O)cc(O)c21,1
Oc1cc(O)c2c(c1)OC(c1ccc(O)c(O)c1)C(O)C2,1
O=c1c(O)c(-c2ccccc2)oc2ccccc12,0
COc1cc(/C=N/NC(=O)c2cc(C)n[nH]2)cc(-c2cc(/C=N/NC(=O)c3cc(C)n[nH]3)cc(OC)c2O)c1O,1
O=C(c1cc(Br)ccc1O)c1cc(O)c(O)cc1Br,1
Cc1c(C)c2c(c(C)c1O)CCC(C)(C(=O)NCCCCCCCCCCNc1c3c(nc4ccccc14)CCCC3)O2,1
O=C(/C=C/c1ccc(O)c(O)c1)OCCc1ccc([N+](=O)[O-])cc1,1
CCCCCCCc1c(C)c(O)cc2c1[nH]c1ccccc12,1
COc1cc(O)c2c(=O)c(O)c(-c3cc(O)c(O)c(O)c3)oc2c1O,1
COC(=O)[C@H](CS)NC(=O)/C=C/c1cccc(O)c1,0
Oc1cc(-c2cc3ccccc3o2)cc(O)c1O,1
CCc1ccc(/C=N/c2cc(C)c(O)cc2C(C)C)cc1,1
CC(=O)OCCc1ccc(O)c(O)c1,1
CC/C(=C\c1ccc(O)c(O)c1)C(=O)N[C@@H](Cc1ccccc1)C(=O)C(=O)NCCc1ccc(OC)cc1,1
O=c1c(/C=C/c2ccc(O)c(O)c2)coc2ccc(O)cc12,1
COc1ccc(/C=C/C(=O)NCCCCNC(=O)/C=C/c2ccc(OC)c(O)c2)cc1O,0
O=C(/C=C/c1ccc(O)cc1)OC[C@H]1O[C@@H](OCCc2ccc(O)c(O)c2)[C@H](O)[C@@H](O)[C@@H]1O,1
COC(=O)[C@@]1(O)C[C@@H](O)[C@H](O)[C@H](OC(=O)/C=C/c2ccc(O)c(O)c2)C1,1
CC1(C)Oc2ccc3ccc(=O)oc3c2CC1OC(=O)/C=C/c1ccc(O)c(O)c1,1
COc1ccc(C2CC(=NOC(=O)c3cc(O)c(O)c(O)c3)CC(c3ccc(OC)cc3)N2C)cc1,1
COc1cc([C@H]2Oc3c(OC)cc4ccc(=O)oc4c3O[C@@H]2COC(=O)/C=C/c2ccc(O)c(O)c2)ccc1O,0
COc1cc(C[C@H](C)[C@H](C)Cc2ccc3c(c2)OCO3)ccc1O,1
COc1cc(/C=C2\CCC/C(=C\c3cc(CN(C)C)c(O)c(OC)c3)C2=O)cc(CN(C)C)c1O,1
O=C(/C=C/c1ccc(O)c(O)c1)O[C@H](Cc1ccc(O)c(O)c1)C(=O)NCc1ccccc1,1
COc1c(O)cc(-c2oc3cc(O)cc(O)c3c(=O)c2O[C@@H]2O[C@@H](C)[C@H](OC(C)=O)[C@@H](O)[C@H]2O)cc1O,1
O=C(/C=C/c1ccc(O)cc1)CC(=O)/C=C/c1cc(O)ccc1O,1
CCCC(C)Oc1cc(/C=C/C(=O)NCCCc2ccc(C)c(C)c2)cc(OC(C)CCC)c1O,1
O=C(O)c1cc(O)c(O)cc1-c1cc2cc(O)ccc2oc1=O,1
COc1ccc(CN2CCC(COC(=O)/C=C/c3ccc(O)c(OC)c3)CC2)cc1,1
CC(=O)c1c2c(c3ccccc3c1O)OC(OCC(C)C)C2,1
Oc1cc(Br)c(-c2cc3cccc(O)c3o2)cc1O,1
O=C1C=C(c2ccc(O)cc2O)C(Cc2ccc(O)cc2)O1,1
CCCOC(=O)/C=C/c1ccc(O)c2oc(-c3ccc(O)c(O)c3)cc12,1
COC(=O)/C=C/c1ccc(O)c2oc(-c3ccc(O)c(O)c3)cc12,1
COc1cc(CC(O)c2cc(OC)c(O)c(OC)c2)ccc1O,1
COc1cc(N)c(Cl)cc1C(=O)CCC1CCN(Cc2ccc(O)c(O)c2)CC1,1
O=C(N/N=C/c1ccc(O)cc1)c1ccc(O)cc1,0
O=c1cc(-c2ccccc2)oc2cc(OCCCCNc3nc4ccc(Br)cc4s3)cc(O)c12,1
COC(=O)c1cc(=O)[nH]c2ccc(O)cc12,0
COc1cc2c(cc1O)CCC(C)(CCNCCCCCCCCCNc1c3c(nc4cc(Cl)ccc14)CCCC3)O2,1
COc1cc2ccc3cc(O)ccc3c2c(OC)c1O,1
COc1cc(C2Oc3cc([C@H]4Oc5cc(O)cc(O)c5C(=O)[C@@H]4O)ccc3OC2CO)ccc1O,0
CC(C)=CCc1c(O)cc(/C=C/c2ccc3c(c2)[C@H](c2cc(O)c4c(c2)OC(C)(C)CC4)[C@@H](c2ccc(O)cc2)O3)cc1O,1
O=C(/C=C/c1cccc([N+](=O)[O-])c1)c1ccc(O)cc1,0
CCCCC/C=C\C/C=C\CCCCCCCC(=O)OC[C@H]1O[C@@H](Oc2c(-c3ccc(O)c(O)c3)oc3cc(O)cc(O)c3c2=O)[C@H](O)[C@@H](O)[C@@H]1O,1
COC(=O)[C@H](CCSC)NC(=O)/C=C/c1ccc(O)c(O)c1,1
COc1cc(O[C@@H]2O[C@H](CO)[C@@H](O)[C@H](O)[C@H]2O)c(CC=C(C)C)c(O)c1C(=O)/C=C/c1ccc(O)cc1,1
O=C(O)c1ccccc1-c1cc2cc(O)c(O)cc2oc1=O,1
O=C(CCc1ccc(O)c2oc(-c3ccc(O)c(O)c3)cc12)Nc1ccc(O)cc1,1
COCc1cc(O)c(Cc2cc(O)ccc2O)cc1O,1
OC[C@H]1O[C@@H](Oc2cc(O)cc(/C=C/c3ccc(O)c(O)c3)c2)[C@H](O)[C@@H](O)[C@@H]1O,1
COc1ccc(CCc2c(O)ccc(O[C@@H]3O[C@H](CO)[C@@H](O)[C@H](O)[C@H]3O)c2C(C)=O)cc1OC,0
Oc1ccc(/C=N/NC(=[Se])Nc2ccccc2)cc1,1
Oc1cccc(-c2nc3cc(O)ccc3[nH]2)c1,1
CCOC(=O)c1sc2ccccc2c1Nc1ccc(O)cc1O,0
O=S(=O)(/C=C/c1ccc(O)c(O)c1)CCCc1ccccc1,1
CCCOc1cc(/C=C/C(=O)NCc2cc(C(C)(C)C)c(O)c(C(C)(C)C)c2)cc(OCCC)c1O,1
Oc1ccc2c(c1)-c1[nH]c3ccccc3c1C2,0
Oc1cc(O)cc(Oc2c(O)cc(O)c3c2Oc2c(O)cc4oc5c(Oc6cc(O)cc(O)c6)c(O)cc(O)c5c4c2O3)c1,1
CCOC(=O)/C(=C/C(=O)O)[C@H]1c2c(cc(O)c(O)c2O)C(=O)O[C@@H]1C(=O)OCC,1
O=C(/C=C/c1ccc(O)c(O)c1)O[C@@H]1[C@H](O)C[C@@](O)(C(=O)O)C[C@H]1OC(=O)/C=C/c1ccc(O)c(O)c1,1
CCC/C(=C\c1ccc(O)c(O)c1)C(=O)N[C@@H](Cc1ccccc1)C(=O)C(=O)NCc1ccccc1,1
COc1cc(/C=C/C(=O)/C(OC(C)=O)=C(O)/C=C/c2cc(O)c(O)c(OC)c2)cc(O)c1O,1
COc1ccc(C(=O)Cc2ccc(O)cc2)c(O)c1O,1
O=c1cc(-c2cc(O)cc(O)c2)oc2cc(O[C@@H]3O[C@H](CO)[C@@H](O)[C@H](O)[C@H]3O)cc(O)c12,1
COc1ccc(CC(=O)c2ccc(O)c(O)c2)cc1OC,1
COc1c(-c2cc(O)c(O)c(O)c2)oc2cc(OCCN3CCCC3)cc(O)c2c1=O.Cl,1
COc1cc(C(=O)O[C@@H]2Cc3c(O)cc(O)cc3O[C@@H]2c2ccc(O)c(O)c2)cc(O)c1O,1
C[C@@H]1Oc2c(O)c3c(c(O)c2[C@H]1O)C(=O)C(O)=C1C(C)(C)CCC[C@@]13C,1
COc1cc([C@H]2Oc3cc([C@H]4Oc5cc(O)cc(O)c5C(=O)[C@@H]4O)ccc3O[C@H]2COP(=O)([O-])OC2O[C@H](CO)[C@@H](O)[C@H](O)[C@@H]2O)ccc1O.[Na+],0
C=CCCCCCCS(=O)(=O)/C=C/c1ccc(O)c(O)c1,1
OC[C@H]1O[C@@H](Oc2ccc(/C=C/c3cc(O)cc(O)c3)cc2O)[C@H](O)[C@@H](O)[C@@H]1O,0
Cc1cc(O)c(C(C)C)cc1/N=C/c1ccc([N+](=O)[O-])cc1,0
O=C(/C=C/c1ccc(O)c2oc(-c3ccc(O)c(O)c3)cc12)NCc1ccccc1,1
CO[C@@H](c1ccc(O)cc1)[C@H]1c2cc(O)cc(O)c2[C@@H](c2cc(O)cc(O)c2)[C@@H]1c1ccc(O)cc1,1
O=c1[nH]nc(Cc2ccccc2)n1/N=C/c1ccc(O)c(O)c1,1
COc1c(O[C@@H]2O[C@H](CO)[C@@H](O)[C@H](O)[C@H]2O)cc2oc(-c3ccc(O)c(O)c3)c(O)c(=O)c2c1O,1
O=C(/C=C/c1ccc(O)c(O)c1)Nc1ccc(F)cc1,1
CCN(C)C(=O)Oc1cccc(NC(=O)c2cc(O)c(O)c(O)c2)c1,1
O=C(O)c1ccccc1/C=N/c1ccccc1O,1
COc1cc2c(cc1O)CCC(C)(CC(=O)N[C@@H](CCC(N)=O)C(=O)O)O2,1
COc1cc(/C=C/C(=O)OC[C@H]2O[C@@](CO)(O[C@H]3O[C@H](COC(C)=O)[C@@H](OC(=O)/C=C/c4ccc(O)cc4)[C@H](O)[C@H]3O)[C@@H](OC(=O)/C=C/c3ccc(O)c(OC)c3)[C@@H]2O)ccc1O,1
Oc1cc(O)c2c(c1)Cc1c-2[nH]c2ccccc12,0
O=C(OC[C@H]1OC[C@H](O)[C@@H](OC(=O)c2cc(O)c(O)c(O)c2)[C@@H]1O)c1cc(O)c(O)c(O)c1,1
CC(C)(C)OC(=O)N1CCCC1CS(=O)(=O)/C=C/c1ccc(O)c(O)c1,1
CCOC(=O)/C=C(/C(=O)OC)[C@H]1c2c(cc(O)c(O)c2O)C(=O)O[C@@H]1C(=O)OCC,1
O=C(/C=C/c1ccc(O)c(O)c1)O[C@@H]1[C@@H](O)[C@H](O)[C@@H](CO)O[C@H]1c1c(O)cc2oc3cc(O)c(O)cc3c(=O)c2c1O,1
COC(=O)[C@H](CS)NC(=O)Cc1ccc(O)c(O)c1,1
CC1=CCC[C@H]2[C@](C)(Cc3cc(O)cc(Sc4ccccc4CO)c3O)[C@@H](C)CC[C@]12C,1
CC(C)=CCc1c(O)cc(/C=C/c2ccc3c(c2)[C@H](c2cc(O)c(CC=C(C)C)c(O)c2)[C@@H](c2ccc(O)cc2)O3)cc1O,1
O=C(/C=C/c1ccc(O)c2oc(-c3ccc(O)c(O)c3)cc12)O[C@H](Cc1ccc(O)c(O)c1)C(=O)O,1
O=C(c1ccc(O)c(O)c1)c1ccccc1Cl,0
COc1cc(CN(CCCO)Cc2cc(OC)c(O)c(OC)c2)cc(OC)c1O,1
COc1cc([C@H]2Oc3cc([C@H]4Oc5cc(O)cc(O)c5C(=O)[C@@H]4O)ccc3O[C@@H]2COC(=O)CCCCCCCCCCC(=O)OCC2(C)CCc3c(C)c(O)c(C)c(C)c3O2)ccc1O,1
O=Cc1c(O)cc(O)cc1O,1
COc1cc(/C=N/Nc2nncc3ccccc23)cc(OC)c1O,1
Cc1cc(/N=C/c2cccnc2)c(C(C)C)cc1O,0
O=C1/C(=C/c2ccc(O)c(O)c2)C(c2ccccc2)n2cccc21,1
Cc1c(Cl)cc2c(c(C3=N[C@@](C)(C(=O)N[C@H](C)C(=O)N[C@@H](CO)C(=O)O)CO3)cn2C)c1O,0
COc1cc(/C=C/C=C/C(=O)O)ccc1O,1
CCC(=O)c1cc(O)c(O)c(O)c1,1
COc1ccc(O)c(/C=N/NC(=O)c2ccc(-c3nc4cccc(C)c4[nH]3)cc2)c1,1
Oc1ccccc1/N=C/c1ccc(F)cc1,1
Oc1ccccc1/C=N/c1ccccc1O,1
Oc1ccc(/C=N/c2ccc(O)cc2)cc1,1
O=C(/C=C/c1ccc(C(=O)Nc2nnc(-c3ccc(O)c(O)c3)s2)cc1)c1ccc(F)cc1,1
O=c1cc(-c2ccc(OCCN3CCOCC3)cc2)oc2cc(O)c(O)c(O)c12,0
CCCCc1oc2ccc(/N=C/c3ccccc3O)cc2c1C(=O)c1ccc(OC)cc1,0
Oc1ccc2ccccc2c1/C=N/n1c(S)nnc1-c1cnccn1,1
CCCCCCCCCCS(=O)(=O)/C=C/c1ccc(O)c(O)c1,1
O=C(/C=C/c1ccc(O)c(O)c1)/C=C/c1cc(O)ccc1O,1
O=C(/C=C/c1ccc(O)c(O)c1)N[C@@H](Cc1ccc(O)cc1)C(=O)NCCc1ccc(O)c(O)c1,1
O=C(/C=C/c1ccc(O)cc1)O[C@@H]1C[C@](O)(C(=O)O)C[C@@H](OC(=O)/C=C/c2ccc(O)c(O)c2)[C@H]1O,1
C[C@@H]1O[C@@H](OC[C@H]2O[C@@H](Oc3c(-c4ccc(O)c(O)c4)oc4cc(O)cc(O)c4c3=O)[C@H](O)[C@@H](O)[C@@H]2O)[C@H](O)[C@H](O[C@@H]2O[C@H](CO)[C@@H](O)[C@H](O)[C@H]2O)[C@H]1O,1
Oc1ccc(/C=N/NC(=[Se])Nc2ccccc2)cc1O,1
Cc1ccc2cc(C3CC(c4cc(Br)ccc4O)=NN3)c3nnnn3c2c1,1
O=C(CC(c1ccc(F)cc1)c1c[nH]c2ccccc12)c1c(O)c2ccccc2oc1=O,0
C[C@H]1O[C@H](O[C@H]2[C@H](Oc3c(-c4ccc(O)cc4)oc4cc(O)cc(O)c4c3=O)O[C@H](CO)[C@@H](O)[C@@H]2O)[C@@H](O)[C@@H](O)[C@@H]1O,0
CS(=O)(=O)[O-].O=C(CCc1cc(O)c(O)c(O)c1)NCCCCCCCCCC[P+](c1ccccc1)(c1ccccc1)c1ccccc1,1
CC[C@H]1OC(=O)[C@]2(C[C@@H](O)[C@H](O)[C@H](OC(=O)/C=C/c3ccc(O)c(O)c3)C2)O1,1
COc1cc([C@H](OC)[C@@H](CO)Oc2ccc([C@@H](O)[C@H](O)CO)cc2OC)ccc1O,0
COc1cc(O)c2c(=[Se])c(OC)c(-c3ccc(OC)c(OC)c3)oc2c1,1
O=C(/C=C/c1ccc(O)c(O)c1)O[C@@H]1C=C[C@@](O)(C(=O)O)C[C@H]1OC(=O)/C=C/c1ccc(O)c(O)c1,1
COc1ccc(/C=N/c2cc(C(C)(C)C)c(O)cc2C)cc1,1
CN1CC(O)(c2ccc(-c3ccc(O)cc3)cc2)Sc2ccccc21,1
CCOC(=O)Cc1c2c3c(cc(O)c(O)c3oc1=O)C(=O)OC2C(=O)OC,1
Cc1cc(/N=C/c2ccc([N+](=O)[O-])cc2)c(C(C)C)cc1O,0
COc1cc(/C=C/C(=O)/C(CC(=O)OC(C)(C)C)=C(O)/C=C/c2ccc(O)c(OC)c2)ccc1O,1
[O-][S+](/C=C/c1ccc(O)c(O)c1)CCc1ccccc1,1
CC1=NC(=S)N(n2c(CCl)nc3ccccc3c2=O)C(=O)C1/N=N/c1ccc(O)cc1,1
Oc1ccc(-c2cc3cc(Br)cc(O)c3o2)cc1O,1
Oc1ccc([C@H]2Oc3cc(O)cc(O)c3C[C@H]2O)cc1,1
O=C1c2c3c(cc(O)c2[C@H](O)[C@@H]2O[C@H]12)-c1ccc(O)c2c(O)ccc-3c12,1
CCOC(=O)C[C@@H](C(=O)OCC)[C@H]1c2c(cc(O)c(O)c2O)C(=O)O[C@@H]1C(=O)OCC,1
COc1ccc(NC(=O)CNC(=O)/C=C/c2ccc(O)c(OC)c2)cc1,1
CCOC(=O)/C=C/c1ccc(O)c(O)c1,1
O=C(/C=C/c1ccc(O)c(O)c1)OCc1ccccc1,1
NCCc1c[nH]c2ccc(O)cc12,1
Cc1cc(O)c(C(C)(C)C)cc1/N=C/c1ccccc1O,1
COc1ccc(/C=C2\COc3c(ccc(O)c3O)C2=O)cc1,1
COc1cc(/C=N/NC(=O)OCc2ccccc2)cc(Oc2cc(/C=N/NC(=O)OCc3ccccc3)cc(OC)c2O)c1O,1
COc1cc(OC)c(OC)cc1/C=C/C(=O)c1cc(Cl)ccc1O,1
O=C(CCNc1ccc(O)cc1)N1c2ccccc2C=Cc2ccccc21,0
COc1ccc2c(c1)cc(C1CC(c3cc(Br)ccc3O)=NN1)c1nnnn12,1
CC(C)(O)C(O)Cc1cc2cc(-c3cc(O)cc(O)c3)oc2cc1O,1
O=C(/C=C/c1ccccc1O)CC(=O)/C=C/c1cc(O)ccc1O,1
COc1cc([C@H]2OC[C@]3(O[C@@H]4O[C@H](CO)[C@@H](O)[C@H](O)[C@H]4O)[C@@H](c4ccc(O)c(OC)c4)OC[C@H]23)ccc1O,1
O=C(NC(CS)C(=O)N(C(=O)NC1CCCCC1)C1CCCCC1)/C(=C\c1ccc(O)cc1)NC(=O)c1ccccc1,1
O=S(=O)(/C=C/c1ccc(O)c(O)c1)NCc1ccc(C(F)(F)F)cc1,1
O=C1/C(=C/c2ccc(O)c(O)c2)C(c2ccc(O)c(O)c2)n2cccc21,1
O=S(=O)(/C=C/c1ccc(O)c(O)c1)CCCC1CCCCC1,1
COc1cc(C2Oc3cc([C@H]4Oc5c(O)c(O)cc(O)c5C(=O)[C@@H]4O)ccc3OC2CO)ccc1O,1
CCc1c(O)c(O)c2c(c1O)C(=O)C(O)=C(N)C2=O,1
CCCCCCCCCCCCCCOC(=O)/C=C/c1cc(OC)c(O)c(OC)c1,1
O=C(NCc1ccco1)c1ccc(/C=C/c2ccc(O)c(O)c2)cc1,1
CSCC[C@H](NC(=O)/C=C/c1ccc(O)c(O)c1)C(=O)NCCc1ccc(O)c(O)c1,1
COC(=O)[C@H](CS)NC(=O)/C=C/c1ccc(O)c(OC)c1,1
COc1ccc(/C=N/NC(=O)c2ccc(-c3nc4cccc(C)c4[nH]3)cc2)c(O)c1,1
COc1cc(/C=N/c2cc(C)c(O)cc2C(C)C)cc(OC)c1,1
COc1ccccc1NC(=S)NNC(=O)CSCc1cc(C(C)(C)C)c(O)c(C(C)(C)C)c1,1
COc1cc(/C=C/C(=O)NC2CCN(Cc3ccccc3)CC2)cc(OC)c1O,1
O=c1cc(O)cc(/C=C/c2ccc(O)c(O)c2)o1,1
COc1cc(/C=C/C(=O)/C=C/c2ccc(O)c(OC)c2)ccc1O,1
COc1ccc(/C=N/NC(=O)c2ccc(-c3nc4cccc(C)c4[nH]3)cc2)c(I)c1O,1
CCOC(=O)/C=C(/C(=O)OCC)[C@H]1c2c(cc(O)c(O)c2O)C(=O)O[C@@H]1C(=O)OCC,1
COc1cc(O)cc2c1C(=O)C(O)(Cc1ccc(O)cc1)O2,1
Cc1c(C)c2c(c(C)c1O)CCC(C)(CCCC(C)CCCC(C)CCCC(C)C)O2,1
Cc1ccc(C(=O)CC(=O)c2cc3ccccc3s2)c(O)c1,1
O=c1cc(-c2ccc(O)cc2)oc2cc(O[C@@H]3O[C@H](CO)[C@@H](O)[C@H](O)[C@H]3O)cc(O)c12,1
COc1ccc2c(c1)OC/C(=C\c1ccc(O)c(O)c1)C2=O,1
